[2026-08-16 05:27:17] local.ERROR: SQLSTATE[HY000]: General error: 1 ambiguous column name: status (Connection: sqlite, Database: C:\Users\crown james\Downloads\daily-fade-dashboard-gold-redesign\backend\database\database.sqlite, SQL: select "appointments"."appointment_date" as "date", sum(payments.amount) as total from "payments" inner join "appointments" on "appointments"."id" = "payments"."appointment_id" where exists (select * from "appointments" where "payments"."appointment_id" = "appointments"."id" and "appointment_date" between 2026-08-10 00:00:00 and 2026-08-16 23:59:59) and "status" = paid group by "appointments"."appointment_date") {"userId":1,"exception":"[object] (Illuminate\\Database\\QueryException(code: HY000): SQLSTATE[HY000]: General error: 1 ambiguous column name: status (Connection: sqlite, Database: C:\\Users\\crown james\\Downloads\\daily-fade-dashboard-gold-redesign\\backend\\database\\database.sqlite, SQL: select \"appointments\".\"appointment_date\" as \"date\", sum(payments.amount) as total from \"payments\" inner join \"appointments\" on \"appointments\".\"id\" = \"payments\".\"appointment_id\" where exists (select * from \"appointments\" where \"payments\".\"appointment_id\" = \"appointments\".\"id\" and \"appointment_date\" between 2026-08-10 00:00:00 and 2026-08-16 23:59:59) and \"status\" = paid group by \"appointments\".\"appointment_date\") at C:/Users/crown james/Downloads/daily-fade-dashboard-gold-redesign/backend/vendor/laravel/framework/src/Illuminate/Database/Connection.php:857)
[stacktrace]
#0 C:/Users/crown james/Downloads/daily-fade-dashboard-gold-redesign/backend/vendor/laravel/framework/src/Illuminate/Database/Connection.php(813): Illuminate/Database/Connection->runQueryCallback('select \"appoint...', Array, Object(Closure))
#1 C:/Users/crown james/Downloads/daily-fade-dashboard-gold-redesign/backend/vendor/laravel/framework/src/Illuminate/Database/Connection.php(426): Illuminate/Database/Connection->run('select \"appoint...', Array, Object(Closure))
#2 C:/Users/crown james/Downloads/daily-fade-dashboard-gold-redesign/backend/vendor/laravel/framework/src/Illuminate/Database/Query/Builder.php(3573): Illuminate/Database/Connection->select('select \"appoint...', Array, true, Array)
#3 C:/Users/crown james/Downloads/daily-fade-dashboard-gold-redesign/backend/vendor/laravel/framework/src/Illuminate/Database/Query/Builder.php(3833): Illuminate/Database/Query/Builder->runSelect()
#4 C:/Users/crown james/Downloads/daily-fade-dashboard-gold-redesign/backend/vendor/laravel/framework/src/Illuminate/Database/Eloquent/Builder.php(1088): Illuminate/Database/Query/Builder->pluck('total', 'date')
#5 C:/Users/crown james/Downloads/daily-fade-dashboard-gold-redesign/backend/app/Http/Controllers/Api/Admin/DashboardController.php(51): Illuminate/Database/Eloquent/Builder->pluck('total', 'date')
#6 C:/Users/crown james/Downloads/daily-fade-dashboard-gold-redesign/backend/vendor/laravel/framework/src/Illuminate/Routing/ControllerDispatcher.php(46): App/Http/Controllers/Api/Admin/DashboardController->index(Object(Illuminate/Http/Request))
#7 C:/Users/crown james/Downloads/daily-fade-dashboard-gold-redesign/backend/vendor/laravel/framework/src/Illuminate/Routing/Route.php(276): Illuminate/Routing/ControllerDispatcher->dispatch(Object(Illuminate/Routing/Route), Object(App/Http/Controllers/Api/Admin/DashboardController), 'index')
#8 C:/Users/crown james/Downloads/daily-fade-dashboard-gold-redesign/backend/vendor/laravel/framework/src/Illuminate/Routing/Route.php(216): Illuminate/Routing/Route->runController()
#9 C:/Users/crown james/Downloads/daily-fade-dashboard-gold-redesign/backend/vendor/laravel/framework/src/Illuminate/Routing/Router.php(822): Illuminate/Routing/Route->run()
#10 C:/Users/crown james/Downloads/daily-fade-dashboard-gold-redesign/backend/vendor/laravel/framework/src/Illuminate/Pipeline/Pipeline.php(180): Illuminate/Routing/Router->{closure:Illuminate/Routing/Router::runRouteWithinStack():821}(Object(Illuminate/Http/Request))
#11 C:/Users/crown james/Downloads/daily-fade-dashboard-gold-redesign/backend/app/Http/Middleware/EnsureUserHasRole.php(24): Illuminate/Pipeline/Pipeline->{closure:Illuminate/Pipeline/Pipeline::prepareDestination():178}(Object(Illuminate/Http/Request))
#12 C:/Users/crown james/Downloads/daily-fade-dashboard-gold-redesign/backend/vendor/laravel/framework/src/Illuminate/Pipeline/Pipeline.php(219): App/Http/Middleware/EnsureUserHasRole->handle(Object(Illuminate/Http/Request), Object(Closure), 'admin')
#13 C:/Users/crown james/Downloads/daily-fade-dashboard-gold-redesign/backend/vendor/laravel/framework/src/Illuminate/Routing/Middleware/SubstituteBindings.php(52): Illuminate/Pipeline/Pipeline->{closure:{closure:Illuminate/Pipeline/Pipeline::carry():194}:195}(Object(Illuminate/Http/Request))
#14 C:/Users/crown james/Downloads/daily-fade-dashboard-gold-redesign/backend/vendor/laravel/framework/src/Illuminate/Pipeline/Pipeline.php(219): Illuminate/Routing/Middleware/SubstituteBindings->handle(Object(Illuminate/Http/Request), Object(Closure))
#15 C:/Users/crown james/Downloads/daily-fade-dashboard-gold-redesign/backend/vendor/laravel/framework/src/Illuminate/Auth/Middleware/Authenticate.php(63): Illuminate/Pipeline/Pipeline->{closure:{closure:Illuminate/Pipeline/Pipeline::carry():194}:195}(Object(Illuminate/Http/Request))
#16 C:/Users/crown james/Downloads/daily-fade-dashboard-gold-redesign/backend/vendor/laravel/framework/src/Illuminate/Pipeline/Pipeline.php(219): Illuminate/Auth/Middleware/Authenticate->handle(Object(Illuminate/Http/Request), Object(Closure), 'sanctum')
#17 C:/Users/crown james/Downloads/daily-fade-dashboard-gold-redesign/backend/vendor/laravel/framework/src/Illuminate/Pipeline/Pipeline.php(137): Illuminate/Pipeline/Pipeline->{closure:{closure:Illuminate/Pipeline/Pipeline::carry():194}:195}(Object(Illuminate/Http/Request))
#18 C:/Users/crown james/Downloads/daily-fade-dashboard-gold-redesign/backend/vendor/laravel/framework/src/Illuminate/Routing/Router.php(821): Illuminate/Pipeline/Pipeline->then(Object(Closure))
#19 C:/Users/crown james/Downloads/daily-fade-dashboard-gold-redesign/backend/vendor/laravel/framework/src/Illuminate/Routing/Router.php(800): Illuminate/Routing/Router->runRouteWithinStack(Object(Illuminate/Routing/Route), Object(Illuminate/Http/Request))
#20 C:/Users/crown james/Downloads/daily-fade-dashboard-gold-redesign/backend/vendor/laravel/framework/src/Illuminate/Routing/Router.php(764): Illuminate/Routing/Router->runRoute(Object(Illuminate/Http/Request), Object(Illuminate/Routing/Route))
#21 C:/Users/crown james/Downloads/daily-fade-dashboard-gold-redesign/backend/vendor/laravel/framework/src/Illuminate/Routing/Router.php(753): Illuminate/Routing/Router->dispatchToRoute(Object(Illuminate/Http/Request))
#22 C:/Users/crown james/Downloads/daily-fade-dashboard-gold-redesign/backend/vendor/laravel/framework/src/Illuminate/Foundation/Http/Kernel.php(200): Illuminate/Routing/Router->dispatch(Object(Illuminate/Http/Request))
#23 C:/Users/crown james/Downloads/daily-fade-dashboard-gold-redesign/backend/vendor/laravel/framework/src/Illuminate/Pipeline/Pipeline.php(180): Illuminate/Foundation/Http/Kernel->{closure:Illuminate/Foundation/Http/Kernel::dispatchToRouter():197}(Object(Illuminate/Http/Request))
#24 C:/Users/crown james/Downloads/daily-fade-dashboard-gold-redesign/backend/vendor/laravel/framework/src/Illuminate/Foundation/Http/Middleware/TransformsRequest.php(21): Illuminate/Pipeline/Pipeline->{closure:Illuminate/Pipeline/Pipeline::prepareDestination():178}(Object(Illuminate/Http/Request))
#25 C:/Users/crown james/Downloads/daily-fade-dashboard-gold-redesign/backend/vendor/laravel/framework/src/Illuminate/Foundation/Http/Middleware/ConvertEmptyStringsToNull.php(31): Illuminate/Foundation/Http/Middleware/TransformsRequest->handle(Object(Illuminate/Http/Request), Object(Closure))
#26 C:/Users/crown james/Downloads/daily-fade-dashboard-gold-redesign/backend/vendor/laravel/framework/src/Illuminate/Pipeline/Pipeline.php(219): Illuminate/Foundation/Http/Middleware/ConvertEmptyStringsToNull->handle(Object(Illuminate/Http/Request), Object(Closure))
#27 C:/Users/crown james/Downloads/daily-fade-dashboard-gold-redesign/backend/vendor/laravel/framework/src/Illuminate/Foundation/Http/Middleware/TransformsRequest.php(21): Illuminate/Pipeline/Pipeline->{closure:{closure:Illuminate/Pipeline/Pipeline::carry():194}:195}(Object(Illuminate/Http/Request))
#28 C:/Users/crown james/Downloads/daily-fade-dashboard-gold-redesign/backend/vendor/laravel/framework/src/Illuminate/Foundation/Http/Middleware/TrimStrings.php(51): Illuminate/Foundation/Http/Middleware/TransformsRequest->handle(Object(Illuminate/Http/Request), Object(Closure))
#29 C:/Users/crown james/Downloads/daily-fade-dashboard-gold-redesign/backend/vendor/laravel/framework/src/Illuminate/Pipeline/Pipeline.php(219): Illuminate/Foundation/Http/Middleware/TrimStrings->handle(Object(Illuminate/Http/Request), Object(Closure))
#30 C:/Users/crown james/Downloads/daily-fade-dashboard-gold-redesign/backend/vendor/laravel/framework/src/Illuminate/Http/Middleware/ValidatePostSize.php(27): Illuminate/Pipeline/Pipeline->{closure:{closure:Illuminate/Pipeline/Pipeline::carry():194}:195}(Object(Illuminate/Http/Request))
#31 C:/Users/crown james/Downloads/daily-fade-dashboard-gold-redesign/backend/vendor/laravel/framework/src/Illuminate/Pipeline/Pipeline.php(219): Illuminate/Http/Middleware/ValidatePostSize->handle(Object(Illuminate/Http/Request), Object(Closure))
#32 C:/Users/crown james/Downloads/daily-fade-dashboard-gold-redesign/backend/vendor/laravel/framework/src/Illuminate/Foundation/Http/Middleware/PreventRequestsDuringMaintenance.php(109): Illuminate/Pipeline/Pipeline->{closure:{closure:Illuminate/Pipeline/Pipeline::carry():194}:195}(Object(Illuminate/Http/Request))
#33 C:/Users/crown james/Downloads/daily-fade-dashboard-gold-redesign/backend/vendor/laravel/framework/src/Illuminate/Pipeline/Pipeline.php(219): Illuminate/Foundation/Http/Middleware/PreventRequestsDuringMaintenance->handle(Object(Illuminate/Http/Request), Object(Closure))
#34 C:/Users/crown james/Downloads/daily-fade-dashboard-gold-redesign/backend/vendor/laravel/framework/src/Illuminate/Http/Middleware/HandleCors.php(74): Illuminate/Pipeline/Pipeline->{closure:{closure:Illuminate/Pipeline/Pipeline::carry():194}:195}(Object(Illuminate/Http/Request))
#35 C:/Users/crown james/Downloads/daily-fade-dashboard-gold-redesign/backend/vendor/laravel/framework/src/Illuminate/Pipeline/Pipeline.php(219): Illuminate/Http/Middleware/HandleCors->handle(Object(Illuminate/Http/Request), Object(Closure))
#36 C:/Users/crown james/Downloads/daily-fade-dashboard-gold-redesign/backend/vendor/laravel/framework/src/Illuminate/Http/Middleware/TrustProxies.php(58): Illuminate/Pipeline/Pipeline->{closure:{closure:Illuminate/Pipeline/Pipeline::carry():194}:195}(Object(Illuminate/Http/Request))
#37 C:/Users/crown james/Downloads/daily-fade-dashboard-gold-redesign/backend/vendor/laravel/framework/src/Illuminate/Pipeline/Pipeline.php(219): Illuminate/Http/Middleware/TrustProxies->handle(Object(Illuminate/Http/Request), Object(Closure))
#38 C:/Users/crown james/Downloads/daily-fade-dashboard-gold-redesign/backend/vendor/laravel/framework/src/Illuminate/Foundation/Http/Middleware/InvokeDeferredCallbacks.php(22): Illuminate/Pipeline/Pipeline->{closure:{closure:Illuminate/Pipeline/Pipeline::carry():194}:195}(Object(Illuminate/Http/Request))
#39 C:/Users/crown james/Downloads/daily-fade-dashboard-gold-redesign/backend/vendor/laravel/framework/src/Illuminate/Pipeline/Pipeline.php(219): Illuminate/Foundation/Http/Middleware/InvokeDeferredCallbacks->handle(Object(Illuminate/Http/Request), Object(Closure))
#40 C:/Users/crown james/Downloads/daily-fade-dashboard-gold-redesign/backend/vendor/laravel/framework/src/Illuminate/Http/Middleware/ValidatePathEncoding.php(28): Illuminate/Pipeline/Pipeline->{closure:{closure:Illuminate/Pipeline/Pipeline::carry():194}:195}(Object(Illuminate/Http/Request))
#41 C:/Users/crown james/Downloads/daily-fade-dashboard-gold-redesign/backend/vendor/laravel/framework/src/Illuminate/Pipeline/Pipeline.php(219): Illuminate/Http/Middleware/ValidatePathEncoding->handle(Object(Illuminate/Http/Request), Object(Closure))
#42 C:/Users/crown james/Downloads/daily-fade-dashboard-gold-redesign/backend/vendor/laravel/framework/src/Illuminate/Pipeline/Pipeline.php(137): Illuminate/Pipeline/Pipeline->{closure:{closure:Illuminate/Pipeline/Pipeline::carry():194}:195}(Object(Illuminate/Http/Request))
#43 C:/Users/crown james/Downloads/daily-fade-dashboard-gold-redesign/backend/vendor/laravel/framework/src/Illuminate/Foundation/Http/Kernel.php(175): Illuminate/Pipeline/Pipeline->then(Object(Closure))
#44 C:/Users/crown james/Downloads/daily-fade-dashboard-gold-redesign/backend/vendor/laravel/framework/src/Illuminate/Foundation/Http/Kernel.php(144): Illuminate/Foundation/Http/Kernel->sendRequestThroughRouter(Object(Illuminate/Http/Request))
#45 C:/Users/crown james/Downloads/daily-fade-dashboard-gold-redesign/backend/vendor/laravel/framework/src/Illuminate/Foundation/Application.php(1227): Illuminate/Foundation/Http/Kernel->handle(Object(Illuminate/Http/Request))
#46 C:/Users/crown james/Downloads/daily-fade-dashboard-gold-redesign/backend/public/index.php(20): Illuminate/Foundation/Application->handleRequest(Object(Illuminate/Http/Request))
#47 C:/Users/crown james/Downloads/daily-fade-dashboard-gold-redesign/backend/vendor/laravel/framework/src/Illuminate/Foundation/resources/server.php(23): require_once('C://Users//crown ...')
#48 {main}

[previous exception] [object] (PDOException(code: HY000): SQLSTATE[HY000]: General error: 1 ambiguous column name: status at C:/Users/crown james/Downloads/daily-fade-dashboard-gold-redesign/backend/vendor/laravel/framework/src/Illuminate/Database/Connection.php:435)
[stacktrace]
#0 C:/Users/crown james/Downloads/daily-fade-dashboard-gold-redesign/backend/vendor/laravel/framework/src/Illuminate/Database/Connection.php(435): PDO->prepare('select \"appoint...')
#1 C:/Users/crown james/Downloads/daily-fade-dashboard-gold-redesign/backend/vendor/laravel/framework/src/Illuminate/Database/Connection.php(846): Illuminate/Database/Connection->{closure:Illuminate/Database/Connection::select():426}('select \"appoint...', Array)
#2 C:/Users/crown james/Downloads/daily-fade-dashboard-gold-redesign/backend/vendor/laravel/framework/src/Illuminate/Database/Connection.php(813): Illuminate/Database/Connection->runQueryCallback('select \"appoint...', Array, Object(Closure))
#3 C:/Users/crown james/Downloads/daily-fade-dashboard-gold-redesign/backend/vendor/laravel/framework/src/Illuminate/Database/Connection.php(426): Illuminate/Database/Connection->run('select \"appoint...', Array, Object(Closure))
#4 C:/Users/crown james/Downloads/daily-fade-dashboard-gold-redesign/backend/vendor/laravel/framework/src/Illuminate/Database/Query/Builder.php(3573): Illuminate/Database/Connection->select('select \"appoint...', Array, true, Array)
#5 C:/Users/crown james/Downloads/daily-fade-dashboard-gold-redesign/backend/vendor/laravel/framework/src/Illuminate/Database/Query/Builder.php(3833): Illuminate/Database/Query/Builder->runSelect()
#6 C:/Users/crown james/Downloads/daily-fade-dashboard-gold-redesign/backend/vendor/laravel/framework/src/Illuminate/Database/Eloquent/Builder.php(1088): Illuminate/Database/Query/Builder->pluck('total', 'date')
#7 C:/Users/crown james/Downloads/daily-fade-dashboard-gold-redesign/backend/app/Http/Controllers/Api/Admin/DashboardController.php(51): Illuminate/Database/Eloquent/Builder->pluck('total', 'date')
#8 C:/Users/crown james/Downloads/daily-fade-dashboard-gold-redesign/backend/vendor/laravel/framework/src/Illuminate/Routing/ControllerDispatcher.php(46): App/Http/Controllers/Api/Admin/DashboardController->index(Object(Illuminate/Http/Request))
#9 C:/Users/crown james/Downloads/daily-fade-dashboard-gold-redesign/backend/vendor/laravel/framework/src/Illuminate/Routing/Route.php(276): Illuminate/Routing/ControllerDispatcher->dispatch(Object(Illuminate/Routing/Route), Object(App/Http/Controllers/Api/Admin/DashboardController), 'index')
#10 C:/Users/crown james/Downloads/daily-fade-dashboard-gold-redesign/backend/vendor/laravel/framework/src/Illuminate/Routing/Route.php(216): Illuminate/Routing/Route->runController()
#11 C:/Users/crown james/Downloads/daily-fade-dashboard-gold-redesign/backend/vendor/laravel/framework/src/Illuminate/Routing/Router.php(822): Illuminate/Routing/Route->run()
#12 C:/Users/crown james/Downloads/daily-fade-dashboard-gold-redesign/backend/vendor/laravel/framework/src/Illuminate/Pipeline/Pipeline.php(180): Illuminate/Routing/Router->{closure:Illuminate/Routing/Router::runRouteWithinStack():821}(Object(Illuminate/Http/Request))
#13 C:/Users/crown james/Downloads/daily-fade-dashboard-gold-redesign/backend/app/Http/Middleware/EnsureUserHasRole.php(24): Illuminate/Pipeline/Pipeline->{closure:Illuminate/Pipeline/Pipeline::prepareDestination():178}(Object(Illuminate/Http/Request))
#14 C:/Users/crown james/Downloads/daily-fade-dashboard-gold-redesign/backend/vendor/laravel/framework/src/Illuminate/Pipeline/Pipeline.php(219): App/Http/Middleware/EnsureUserHasRole->handle(Object(Illuminate/Http/Request), Object(Closure), 'admin')
#15 C:/Users/crown james/Downloads/daily-fade-dashboard-gold-redesign/backend/vendor/laravel/framework/src/Illuminate/Routing/Middleware/SubstituteBindings.php(52): Illuminate/Pipeline/Pipeline->{closure:{closure:Illuminate/Pipeline/Pipeline::carry():194}:195}(Object(Illuminate/Http/Request))
#16 C:/Users/crown james/Downloads/daily-fade-dashboard-gold-redesign/backend/vendor/laravel/framework/src/Illuminate/Pipeline/Pipeline.php(219): Illuminate/Routing/Middleware/SubstituteBindings->handle(Object(Illuminate/Http/Request), Object(Closure))
#17 C:/Users/crown james/Downloads/daily-fade-dashboard-gold-redesign/backend/vendor/laravel/framework/src/Illuminate/Auth/Middleware/Authenticate.php(63): Illuminate/Pipeline/Pipeline->{closure:{closure:Illuminate/Pipeline/Pipeline::carry():194}:195}(Object(Illuminate/Http/Request))
#18 C:/Users/crown james/Downloads/daily-fade-dashboard-gold-redesign/backend/vendor/laravel/framework/src/Illuminate/Pipeline/Pipeline.php(219): Illuminate/Auth/Middleware/Authenticate->handle(Object(Illuminate/Http/Request), Object(Closure), 'sanctum')
#19 C:/Users/crown james/Downloads/daily-fade-dashboard-gold-redesign/backend/vendor/laravel/framework/src/Illuminate/Pipeline/Pipeline.php(137): Illuminate/Pipeline/Pipeline->{closure:{closure:Illuminate/Pipeline/Pipeline::carry():194}:195}(Object(Illuminate/Http/Request))
#20 C:/Users/crown james/Downloads/daily-fade-dashboard-gold-redesign/backend/vendor/laravel/framework/src/Illuminate/Routing/Router.php(821): Illuminate/Pipeline/Pipeline->then(Object(Closure))
#21 C:/Users/crown james/Downloads/daily-fade-dashboard-gold-redesign/backend/vendor/laravel/framework/src/Illuminate/Routing/Router.php(800): Illuminate/Routing/Router->runRouteWithinStack(Object(Illuminate/Routing/Route), Object(Illuminate/Http/Request))
#22 C:/Users/crown james/Downloads/daily-fade-dashboard-gold-redesign/backend/vendor/laravel/framework/src/Illuminate/Routing/Router.php(764): Illuminate/Routing/Router->runRoute(Object(Illuminate/Http/Request), Object(Illuminate/Routing/Route))
#23 C:/Users/crown james/Downloads/daily-fade-dashboard-gold-redesign/backend/vendor/laravel/framework/src/Illuminate/Routing/Router.php(753): Illuminate/Routing/Router->dispatchToRoute(Object(Illuminate/Http/Request))
#24 C:/Users/crown james/Downloads/daily-fade-dashboard-gold-redesign/backend/vendor/laravel/framework/src/Illuminate/Foundation/Http/Kernel.php(200): Illuminate/Routing/Router->dispatch(Object(Illuminate/Http/Request))
#25 C:/Users/crown james/Downloads/daily-fade-dashboard-gold-redesign/backend/vendor/laravel/framework/src/Illuminate/Pipeline/Pipeline.php(180): Illuminate/Foundation/Http/Kernel->{closure:Illuminate/Foundation/Http/Kernel::dispatchToRouter():197}(Object(Illuminate/Http/Request))
#26 C:/Users/crown james/Downloads/daily-fade-dashboard-gold-redesign/backend/vendor/laravel/framework/src/Illuminate/Foundation/Http/Middleware/TransformsRequest.php(21): Illuminate/Pipeline/Pipeline->{closure:Illuminate/Pipeline/Pipeline::prepareDestination():178}(Object(Illuminate/Http/Request))
#27 C:/Users/crown james/Downloads/daily-fade-dashboard-gold-redesign/backend/vendor/laravel/framework/src/Illuminate/Foundation/Http/Middleware/ConvertEmptyStringsToNull.php(31): Illuminate/Foundation/Http/Middleware/TransformsRequest->handle(Object(Illuminate/Http/Request), Object(Closure))
#28 C:/Users/crown james/Downloads/daily-fade-dashboard-gold-redesign/backend/vendor/laravel/framework/src/Illuminate/Pipeline/Pipeline.php(219): Illuminate/Foundation/Http/Middleware/ConvertEmptyStringsToNull->handle(Object(Illuminate/Http/Request), Object(Closure))
#29 C:/Users/crown james/Downloads/daily-fade-dashboard-gold-redesign/backend/vendor/laravel/framework/src/Illuminate/Foundation/Http/Middleware/TransformsRequest.php(21): Illuminate/Pipeline/Pipeline->{closure:{closure:Illuminate/Pipeline/Pipeline::carry():194}:195}(Object(Illuminate/Http/Request))
#30 C:/Users/crown james/Downloads/daily-fade-dashboard-gold-redesign/backend/vendor/laravel/framework/src/Illuminate/Foundation/Http/Middleware/TrimStrings.php(51): Illuminate/Foundation/Http/Middleware/TransformsRequest->handle(Object(Illuminate/Http/Request), Object(Closure))
#31 C:/Users/crown james/Downloads/daily-fade-dashboard-gold-redesign/backend/vendor/laravel/framework/src/Illuminate/Pipeline/Pipeline.php(219): Illuminate/Foundation/Http/Middleware/TrimStrings->handle(Object(Illuminate/Http/Request), Object(Closure))
#32 C:/Users/crown james/Downloads/daily-fade-dashboard-gold-redesign/backend/vendor/laravel/framework/src/Illuminate/Http/Middleware/ValidatePostSize.php(27): Illuminate/Pipeline/Pipeline->{closure:{closure:Illuminate/Pipeline/Pipeline::carry():194}:195}(Object(Illuminate/Http/Request))
#33 C:/Users/crown james/Downloads/daily-fade-dashboard-gold-redesign/backend/vendor/laravel/framework/src/Illuminate/Pipeline/Pipeline.php(219): Illuminate/Http/Middleware/ValidatePostSize->handle(Object(Illuminate/Http/Request), Object(Closure))
#34 C:/Users/crown james/Downloads/daily-fade-dashboard-gold-redesign/backend/vendor/laravel/framework/src/Illuminate/Foundation/Http/Middleware/PreventRequestsDuringMaintenance.php(109): Illuminate/Pipeline/Pipeline->{closure:{closure:Illuminate/Pipeline/Pipeline::carry():194}:195}(Object(Illuminate/Http/Request))
#35 C:/Users/crown james/Downloads/daily-fade-dashboard-gold-redesign/backend/vendor/laravel/framework/src/Illuminate/Pipeline/Pipeline.php(219): Illuminate/Foundation/Http/Middleware/PreventRequestsDuringMaintenance->handle(Object(Illuminate/Http/Request), Object(Closure))
#36 C:/Users/crown james/Downloads/daily-fade-dashboard-gold-redesign/backend/vendor/laravel/framework/src/Illuminate/Http/Middleware/HandleCors.php(74): Illuminate/Pipeline/Pipeline->{closure:{closure:Illuminate/Pipeline/Pipeline::carry():194}:195}(Object(Illuminate/Http/Request))
#37 C:/Users/crown james/Downloads/daily-fade-dashboard-gold-redesign/backend/vendor/laravel/framework/src/Illuminate/Pipeline/Pipeline.php(219): Illuminate/Http/Middleware/HandleCors->handle(Object(Illuminate/Http/Request), Object(Closure))
#38 C:/Users/crown james/Downloads/daily-fade-dashboard-gold-redesign/backend/vendor/laravel/framework/src/Illuminate/Http/Middleware/TrustProxies.php(58): Illuminate/Pipeline/Pipeline->{closure:{closure:Illuminate/Pipeline/Pipeline::carry():194}:195}(Object(Illuminate/Http/Request))
#39 C:/Users/crown james/Downloads/daily-fade-dashboard-gold-redesign/backend/vendor/laravel/framework/src/Illuminate/Pipeline/Pipeline.php(219): Illuminate/Http/Middleware/TrustProxies->handle(Object(Illuminate/Http/Request), Object(Closure))
#40 C:/Users/crown james/Downloads/daily-fade-dashboard-gold-redesign/backend/vendor/laravel/framework/src/Illuminate/Foundation/Http/Middleware/InvokeDeferredCallbacks.php(22): Illuminate/Pipeline/Pipeline->{closure:{closure:Illuminate/Pipeline/Pipeline::carry():194}:195}(Object(Illuminate/Http/Request))
#41 C:/Users/crown james/Downloads/daily-fade-dashboard-gold-redesign/backend/vendor/laravel/framework/src/Illuminate/Pipeline/Pipeline.php(219): Illuminate/Foundation/Http/Middleware/InvokeDeferredCallbacks->handle(Object(Illuminate/Http/Request), Object(Closure))
#42 C:/Users/crown james/Downloads/daily-fade-dashboard-gold-redesign/backend/vendor/laravel/framework/src/Illuminate/Http/Middleware/ValidatePathEncoding.php(28): Illuminate/Pipeline/Pipeline->{closure:{closure:Illuminate/Pipeline/Pipeline::carry():194}:195}(Object(Illuminate/Http/Request))
#43 C:/Users/crown james/Downloads/daily-fade-dashboard-gold-redesign/backend/vendor/laravel/framework/src/Illuminate/Pipeline/Pipeline.php(219): Illuminate/Http/Middleware/ValidatePathEncoding->handle(Object(Illuminate/Http/Request), Object(Closure))
#44 C:/Users/crown james/Downloads/daily-fade-dashboard-gold-redesign/backend/vendor/laravel/framework/src/Illuminate/Pipeline/Pipeline.php(137): Illuminate/Pipeline/Pipeline->{closure:{closure:Illuminate/Pipeline/Pipeline::carry():194}:195}(Object(Illuminate/Http/Request))
#45 C:/Users/crown james/Downloads/daily-fade-dashboard-gold-redesign/backend/vendor/laravel/framework/src/Illuminate/Foundation/Http/Kernel.php(175): Illuminate/Pipeline/Pipeline->then(Object(Closure))
#46 C:/Users/crown james/Downloads/daily-fade-dashboard-gold-redesign/backend/vendor/laravel/framework/src/Illuminate/Foundation/Http/Kernel.php(144): Illuminate/Foundation/Http/Kernel->sendRequestThroughRouter(Object(Illuminate/Http/Request))
#47 C:/Users/crown james/Downloads/daily-fade-dashboard-gold-redesign/backend/vendor/laravel/framework/src/Illuminate/Foundation/Application.php(1227): Illuminate/Foundation/Http/Kernel->handle(Object(Illuminate/Http/Request))
#48 C:/Users/crown james/Downloads/daily-fade-dashboard-gold-redesign/backend/public/index.php(20): Illuminate/Foundation/Application->handleRequest(Object(Illuminate/Http/Request))
#49 C:/Users/crown james/Downloads/daily-fade-dashboard-gold-redesign/backend/vendor/laravel/framework/src/Illuminate/Foundation/resources/server.php(23): require_once('C://Users//crown ...')
#50 {main}
"} 
[2026-08-16 05:27:19] local.ERROR: SQLSTATE[HY000]: General error: 1 ambiguous column name: status (Connection: sqlite, Database: C:\Users\crown james\Downloads\daily-fade-dashboard-gold-redesign\backend\database\database.sqlite, SQL: select "appointments"."appointment_date" as "date", sum(payments.amount) as total from "payments" inner join "appointments" on "appointments"."id" = "payments"."appointment_id" where exists (select * from "appointments" where "payments"."appointment_id" = "appointments"."id" and "appointment_date" between 2026-08-10 00:00:00 and 2026-08-16 23:59:59) and "status" = paid group by "appointments"."appointment_date") {"userId":1,"exception":"[object] (Illuminate\\Database\\QueryException(code: HY000): SQLSTATE[HY000]: General error: 1 ambiguous column name: status (Connection: sqlite, Database: C:\\Users\\crown james\\Downloads\\daily-fade-dashboard-gold-redesign\\backend\\database\\database.sqlite, SQL: select \"appointments\".\"appointment_date\" as \"date\", sum(payments.amount) as total from \"payments\" inner join \"appointments\" on \"appointments\".\"id\" = \"payments\".\"appointment_id\" where exists (select * from \"appointments\" where \"payments\".\"appointment_id\" = \"appointments\".\"id\" and \"appointment_date\" between 2026-08-10 00:00:00 and 2026-08-16 23:59:59) and \"status\" = paid group by \"appointments\".\"appointment_date\") at C:/Users/crown james/Downloads/daily-fade-dashboard-gold-redesign/backend/vendor/laravel/framework/src/Illuminate/Database/Connection.php:857)
[stacktrace]
#0 C:/Users/crown james/Downloads/daily-fade-dashboard-gold-redesign/backend/vendor/laravel/framework/src/Illuminate/Database/Connection.php(813): Illuminate/Database/Connection->runQueryCallback('select \"appoint...', Array, Object(Closure))
#1 C:/Users/crown james/Downloads/daily-fade-dashboard-gold-redesign/backend/vendor/laravel/framework/src/Illuminate/Database/Connection.php(426): Illuminate/Database/Connection->run('select \"appoint...', Array, Object(Closure))
#2 C:/Users/crown james/Downloads/daily-fade-dashboard-gold-redesign/backend/vendor/laravel/framework/src/Illuminate/Database/Query/Builder.php(3573): Illuminate/Database/Connection->select('select \"appoint...', Array, true, Array)
#3 C:/Users/crown james/Downloads/daily-fade-dashboard-gold-redesign/backend/vendor/laravel/framework/src/Illuminate/Database/Query/Builder.php(3833): Illuminate/Database/Query/Builder->runSelect()
#4 C:/Users/crown james/Downloads/daily-fade-dashboard-gold-redesign/backend/vendor/laravel/framework/src/Illuminate/Database/Eloquent/Builder.php(1088): Illuminate/Database/Query/Builder->pluck('total', 'date')
#5 C:/Users/crown james/Downloads/daily-fade-dashboard-gold-redesign/backend/app/Http/Controllers/Api/Admin/DashboardController.php(51): Illuminate/Database/Eloquent/Builder->pluck('total', 'date')
#6 C:/Users/crown james/Downloads/daily-fade-dashboard-gold-redesign/backend/vendor/laravel/framework/src/Illuminate/Routing/ControllerDispatcher.php(46): App/Http/Controllers/Api/Admin/DashboardController->index(Object(Illuminate/Http/Request))
#7 C:/Users/crown james/Downloads/daily-fade-dashboard-gold-redesign/backend/vendor/laravel/framework/src/Illuminate/Routing/Route.php(276): Illuminate/Routing/ControllerDispatcher->dispatch(Object(Illuminate/Routing/Route), Object(App/Http/Controllers/Api/Admin/DashboardController), 'index')
#8 C:/Users/crown james/Downloads/daily-fade-dashboard-gold-redesign/backend/vendor/laravel/framework/src/Illuminate/Routing/Route.php(216): Illuminate/Routing/Route->runController()
#9 C:/Users/crown james/Downloads/daily-fade-dashboard-gold-redesign/backend/vendor/laravel/framework/src/Illuminate/Routing/Router.php(822): Illuminate/Routing/Route->run()
#10 C:/Users/crown james/Downloads/daily-fade-dashboard-gold-redesign/backend/vendor/laravel/framework/src/Illuminate/Pipeline/Pipeline.php(180): Illuminate/Routing/Router->{closure:Illuminate/Routing/Router::runRouteWithinStack():821}(Object(Illuminate/Http/Request))
#11 C:/Users/crown james/Downloads/daily-fade-dashboard-gold-redesign/backend/app/Http/Middleware/EnsureUserHasRole.php(24): Illuminate/Pipeline/Pipeline->{closure:Illuminate/Pipeline/Pipeline::prepareDestination():178}(Object(Illuminate/Http/Request))
#12 C:/Users/crown james/Downloads/daily-fade-dashboard-gold-redesign/backend/vendor/laravel/framework/src/Illuminate/Pipeline/Pipeline.php(219): App/Http/Middleware/EnsureUserHasRole->handle(Object(Illuminate/Http/Request), Object(Closure), 'admin')
#13 C:/Users/crown james/Downloads/daily-fade-dashboard-gold-redesign/backend/vendor/laravel/framework/src/Illuminate/Routing/Middleware/SubstituteBindings.php(52): Illuminate/Pipeline/Pipeline->{closure:{closure:Illuminate/Pipeline/Pipeline::carry():194}:195}(Object(Illuminate/Http/Request))
#14 C:/Users/crown james/Downloads/daily-fade-dashboard-gold-redesign/backend/vendor/laravel/framework/src/Illuminate/Pipeline/Pipeline.php(219): Illuminate/Routing/Middleware/SubstituteBindings->handle(Object(Illuminate/Http/Request), Object(Closure))
#15 C:/Users/crown james/Downloads/daily-fade-dashboard-gold-redesign/backend/vendor/laravel/framework/src/Illuminate/Auth/Middleware/Authenticate.php(63): Illuminate/Pipeline/Pipeline->{closure:{closure:Illuminate/Pipeline/Pipeline::carry():194}:195}(Object(Illuminate/Http/Request))
#16 C:/Users/crown james/Downloads/daily-fade-dashboard-gold-redesign/backend/vendor/laravel/framework/src/Illuminate/Pipeline/Pipeline.php(219): Illuminate/Auth/Middleware/Authenticate->handle(Object(Illuminate/Http/Request), Object(Closure), 'sanctum')
#17 C:/Users/crown james/Downloads/daily-fade-dashboard-gold-redesign/backend/vendor/laravel/framework/src/Illuminate/Pipeline/Pipeline.php(137): Illuminate/Pipeline/Pipeline->{closure:{closure:Illuminate/Pipeline/Pipeline::carry():194}:195}(Object(Illuminate/Http/Request))
#18 C:/Users/crown james/Downloads/daily-fade-dashboard-gold-redesign/backend/vendor/laravel/framework/src/Illuminate/Routing/Router.php(821): Illuminate/Pipeline/Pipeline->then(Object(Closure))
#19 C:/Users/crown james/Downloads/daily-fade-dashboard-gold-redesign/backend/vendor/laravel/framework/src/Illuminate/Routing/Router.php(800): Illuminate/Routing/Router->runRouteWithinStack(Object(Illuminate/Routing/Route), Object(Illuminate/Http/Request))
#20 C:/Users/crown james/Downloads/daily-fade-dashboard-gold-redesign/backend/vendor/laravel/framework/src/Illuminate/Routing/Router.php(764): Illuminate/Routing/Router->runRoute(Object(Illuminate/Http/Request), Object(Illuminate/Routing/Route))
#21 C:/Users/crown james/Downloads/daily-fade-dashboard-gold-redesign/backend/vendor/laravel/framework/src/Illuminate/Routing/Router.php(753): Illuminate/Routing/Router->dispatchToRoute(Object(Illuminate/Http/Request))
#22 C:/Users/crown james/Downloads/daily-fade-dashboard-gold-redesign/backend/vendor/laravel/framework/src/Illuminate/Foundation/Http/Kernel.php(200): Illuminate/Routing/Router->dispatch(Object(Illuminate/Http/Request))
#23 C:/Users/crown james/Downloads/daily-fade-dashboard-gold-redesign/backend/vendor/laravel/framework/src/Illuminate/Pipeline/Pipeline.php(180): Illuminate/Foundation/Http/Kernel->{closure:Illuminate/Foundation/Http/Kernel::dispatchToRouter():197}(Object(Illuminate/Http/Request))
#24 C:/Users/crown james/Downloads/daily-fade-dashboard-gold-redesign/backend/vendor/laravel/framework/src/Illuminate/Foundation/Http/Middleware/TransformsRequest.php(21): Illuminate/Pipeline/Pipeline->{closure:Illuminate/Pipeline/Pipeline::prepareDestination():178}(Object(Illuminate/Http/Request))
#25 C:/Users/crown james/Downloads/daily-fade-dashboard-gold-redesign/backend/vendor/laravel/framework/src/Illuminate/Foundation/Http/Middleware/ConvertEmptyStringsToNull.php(31): Illuminate/Foundation/Http/Middleware/TransformsRequest->handle(Object(Illuminate/Http/Request), Object(Closure))
#26 C:/Users/crown james/Downloads/daily-fade-dashboard-gold-redesign/backend/vendor/laravel/framework/src/Illuminate/Pipeline/Pipeline.php(219): Illuminate/Foundation/Http/Middleware/ConvertEmptyStringsToNull->handle(Object(Illuminate/Http/Request), Object(Closure))
#27 C:/Users/crown james/Downloads/daily-fade-dashboard-gold-redesign/backend/vendor/laravel/framework/src/Illuminate/Foundation/Http/Middleware/TransformsRequest.php(21): Illuminate/Pipeline/Pipeline->{closure:{closure:Illuminate/Pipeline/Pipeline::carry():194}:195}(Object(Illuminate/Http/Request))
#28 C:/Users/crown james/Downloads/daily-fade-dashboard-gold-redesign/backend/vendor/laravel/framework/src/Illuminate/Foundation/Http/Middleware/TrimStrings.php(51): Illuminate/Foundation/Http/Middleware/TransformsRequest->handle(Object(Illuminate/Http/Request), Object(Closure))
#29 C:/Users/crown james/Downloads/daily-fade-dashboard-gold-redesign/backend/vendor/laravel/framework/src/Illuminate/Pipeline/Pipeline.php(219): Illuminate/Foundation/Http/Middleware/TrimStrings->handle(Object(Illuminate/Http/Request), Object(Closure))
#30 C:/Users/crown james/Downloads/daily-fade-dashboard-gold-redesign/backend/vendor/laravel/framework/src/Illuminate/Http/Middleware/ValidatePostSize.php(27): Illuminate/Pipeline/Pipeline->{closure:{closure:Illuminate/Pipeline/Pipeline::carry():194}:195}(Object(Illuminate/Http/Request))
#31 C:/Users/crown james/Downloads/daily-fade-dashboard-gold-redesign/backend/vendor/laravel/framework/src/Illuminate/Pipeline/Pipeline.php(219): Illuminate/Http/Middleware/ValidatePostSize->handle(Object(Illuminate/Http/Request), Object(Closure))
#32 C:/Users/crown james/Downloads/daily-fade-dashboard-gold-redesign/backend/vendor/laravel/framework/src/Illuminate/Foundation/Http/Middleware/PreventRequestsDuringMaintenance.php(109): Illuminate/Pipeline/Pipeline->{closure:{closure:Illuminate/Pipeline/Pipeline::carry():194}:195}(Object(Illuminate/Http/Request))
#33 C:/Users/crown james/Downloads/daily-fade-dashboard-gold-redesign/backend/vendor/laravel/framework/src/Illuminate/Pipeline/Pipeline.php(219): Illuminate/Foundation/Http/Middleware/PreventRequestsDuringMaintenance->handle(Object(Illuminate/Http/Request), Object(Closure))
#34 C:/Users/crown james/Downloads/daily-fade-dashboard-gold-redesign/backend/vendor/laravel/framework/src/Illuminate/Http/Middleware/HandleCors.php(74): Illuminate/Pipeline/Pipeline->{closure:{closure:Illuminate/Pipeline/Pipeline::carry():194}:195}(Object(Illuminate/Http/Request))
#35 C:/Users/crown james/Downloads/daily-fade-dashboard-gold-redesign/backend/vendor/laravel/framework/src/Illuminate/Pipeline/Pipeline.php(219): Illuminate/Http/Middleware/HandleCors->handle(Object(Illuminate/Http/Request), Object(Closure))
#36 C:/Users/crown james/Downloads/daily-fade-dashboard-gold-redesign/backend/vendor/laravel/framework/src/Illuminate/Http/Middleware/TrustProxies.php(58): Illuminate/Pipeline/Pipeline->{closure:{closure:Illuminate/Pipeline/Pipeline::carry():194}:195}(Object(Illuminate/Http/Request))
#37 C:/Users/crown james/Downloads/daily-fade-dashboard-gold-redesign/backend/vendor/laravel/framework/src/Illuminate/Pipeline/Pipeline.php(219): Illuminate/Http/Middleware/TrustProxies->handle(Object(Illuminate/Http/Request), Object(Closure))
#38 C:/Users/crown james/Downloads/daily-fade-dashboard-gold-redesign/backend/vendor/laravel/framework/src/Illuminate/Foundation/Http/Middleware/InvokeDeferredCallbacks.php(22): Illuminate/Pipeline/Pipeline->{closure:{closure:Illuminate/Pipeline/Pipeline::carry():194}:195}(Object(Illuminate/Http/Request))
#39 C:/Users/crown james/Downloads/daily-fade-dashboard-gold-redesign/backend/vendor/laravel/framework/src/Illuminate/Pipeline/Pipeline.php(219): Illuminate/Foundation/Http/Middleware/InvokeDeferredCallbacks->handle(Object(Illuminate/Http/Request), Object(Closure))
#40 C:/Users/crown james/Downloads/daily-fade-dashboard-gold-redesign/backend/vendor/laravel/framework/src/Illuminate/Http/Middleware/ValidatePathEncoding.php(28): Illuminate/Pipeline/Pipeline->{closure:{closure:Illuminate/Pipeline/Pipeline::carry():194}:195}(Object(Illuminate/Http/Request))
#41 C:/Users/crown james/Downloads/daily-fade-dashboard-gold-redesign/backend/vendor/laravel/framework/src/Illuminate/Pipeline/Pipeline.php(219): Illuminate/Http/Middleware/ValidatePathEncoding->handle(Object(Illuminate/Http/Request), Object(Closure))
#42 C:/Users/crown james/Downloads/daily-fade-dashboard-gold-redesign/backend/vendor/laravel/framework/src/Illuminate/Pipeline/Pipeline.php(137): Illuminate/Pipeline/Pipeline->{closure:{closure:Illuminate/Pipeline/Pipeline::carry():194}:195}(Object(Illuminate/Http/Request))
#43 C:/Users/crown james/Downloads/daily-fade-dashboard-gold-redesign/backend/vendor/laravel/framework/src/Illuminate/Foundation/Http/Kernel.php(175): Illuminate/Pipeline/Pipeline->then(Object(Closure))
#44 C:/Users/crown james/Downloads/daily-fade-dashboard-gold-redesign/backend/vendor/laravel/framework/src/Illuminate/Foundation/Http/Kernel.php(144): Illuminate/Foundation/Http/Kernel->sendRequestThroughRouter(Object(Illuminate/Http/Request))
#45 C:/Users/crown james/Downloads/daily-fade-dashboard-gold-redesign/backend/vendor/laravel/framework/src/Illuminate/Foundation/Application.php(1227): Illuminate/Foundation/Http/Kernel->handle(Object(Illuminate/Http/Request))
#46 C:/Users/crown james/Downloads/daily-fade-dashboard-gold-redesign/backend/public/index.php(20): Illuminate/Foundation/Application->handleRequest(Object(Illuminate/Http/Request))
#47 C:/Users/crown james/Downloads/daily-fade-dashboard-gold-redesign/backend/vendor/laravel/framework/src/Illuminate/Foundation/resources/server.php(23): require_once('C://Users//crown ...')
#48 {main}

[previous exception] [object] (PDOException(code: HY000): SQLSTATE[HY000]: General error: 1 ambiguous column name: status at C:/Users/crown james/Downloads/daily-fade-dashboard-gold-redesign/backend/vendor/laravel/framework/src/Illuminate/Database/Connection.php:435)
[stacktrace]
#0 C:/Users/crown james/Downloads/daily-fade-dashboard-gold-redesign/backend/vendor/laravel/framework/src/Illuminate/Database/Connection.php(435): PDO->prepare('select \"appoint...')
#1 C:/Users/crown james/Downloads/daily-fade-dashboard-gold-redesign/backend/vendor/laravel/framework/src/Illuminate/Database/Connection.php(846): Illuminate/Database/Connection->{closure:Illuminate/Database/Connection::select():426}('select \"appoint...', Array)
#2 C:/Users/crown james/Downloads/daily-fade-dashboard-gold-redesign/backend/vendor/laravel/framework/src/Illuminate/Database/Connection.php(813): Illuminate/Database/Connection->runQueryCallback('select \"appoint...', Array, Object(Closure))
#3 C:/Users/crown james/Downloads/daily-fade-dashboard-gold-redesign/backend/vendor/laravel/framework/src/Illuminate/Database/Connection.php(426): Illuminate/Database/Connection->run('select \"appoint...', Array, Object(Closure))
#4 C:/Users/crown james/Downloads/daily-fade-dashboard-gold-redesign/backend/vendor/laravel/framework/src/Illuminate/Database/Query/Builder.php(3573): Illuminate/Database/Connection->select('select \"appoint...', Array, true, Array)
#5 C:/Users/crown james/Downloads/daily-fade-dashboard-gold-redesign/backend/vendor/laravel/framework/src/Illuminate/Database/Query/Builder.php(3833): Illuminate/Database/Query/Builder->runSelect()
#6 C:/Users/crown james/Downloads/daily-fade-dashboard-gold-redesign/backend/vendor/laravel/framework/src/Illuminate/Database/Eloquent/Builder.php(1088): Illuminate/Database/Query/Builder->pluck('total', 'date')
#7 C:/Users/crown james/Downloads/daily-fade-dashboard-gold-redesign/backend/app/Http/Controllers/Api/Admin/DashboardController.php(51): Illuminate/Database/Eloquent/Builder->pluck('total', 'date')
#8 C:/Users/crown james/Downloads/daily-fade-dashboard-gold-redesign/backend/vendor/laravel/framework/src/Illuminate/Routing/ControllerDispatcher.php(46): App/Http/Controllers/Api/Admin/DashboardController->index(Object(Illuminate/Http/Request))
#9 C:/Users/crown james/Downloads/daily-fade-dashboard-gold-redesign/backend/vendor/laravel/framework/src/Illuminate/Routing/Route.php(276): Illuminate/Routing/ControllerDispatcher->dispatch(Object(Illuminate/Routing/Route), Object(App/Http/Controllers/Api/Admin/DashboardController), 'index')
#10 C:/Users/crown james/Downloads/daily-fade-dashboard-gold-redesign/backend/vendor/laravel/framework/src/Illuminate/Routing/Route.php(216): Illuminate/Routing/Route->runController()
#11 C:/Users/crown james/Downloads/daily-fade-dashboard-gold-redesign/backend/vendor/laravel/framework/src/Illuminate/Routing/Router.php(822): Illuminate/Routing/Route->run()
#12 C:/Users/crown james/Downloads/daily-fade-dashboard-gold-redesign/backend/vendor/laravel/framework/src/Illuminate/Pipeline/Pipeline.php(180): Illuminate/Routing/Router->{closure:Illuminate/Routing/Router::runRouteWithinStack():821}(Object(Illuminate/Http/Request))
#13 C:/Users/crown james/Downloads/daily-fade-dashboard-gold-redesign/backend/app/Http/Middleware/EnsureUserHasRole.php(24): Illuminate/Pipeline/Pipeline->{closure:Illuminate/Pipeline/Pipeline::prepareDestination():178}(Object(Illuminate/Http/Request))
#14 C:/Users/crown james/Downloads/daily-fade-dashboard-gold-redesign/backend/vendor/laravel/framework/src/Illuminate/Pipeline/Pipeline.php(219): App/Http/Middleware/EnsureUserHasRole->handle(Object(Illuminate/Http/Request), Object(Closure), 'admin')
#15 C:/Users/crown james/Downloads/daily-fade-dashboard-gold-redesign/backend/vendor/laravel/framework/src/Illuminate/Routing/Middleware/SubstituteBindings.php(52): Illuminate/Pipeline/Pipeline->{closure:{closure:Illuminate/Pipeline/Pipeline::carry():194}:195}(Object(Illuminate/Http/Request))
#16 C:/Users/crown james/Downloads/daily-fade-dashboard-gold-redesign/backend/vendor/laravel/framework/src/Illuminate/Pipeline/Pipeline.php(219): Illuminate/Routing/Middleware/SubstituteBindings->handle(Object(Illuminate/Http/Request), Object(Closure))
#17 C:/Users/crown james/Downloads/daily-fade-dashboard-gold-redesign/backend/vendor/laravel/framework/src/Illuminate/Auth/Middleware/Authenticate.php(63): Illuminate/Pipeline/Pipeline->{closure:{closure:Illuminate/Pipeline/Pipeline::carry():194}:195}(Object(Illuminate/Http/Request))
#18 C:/Users/crown james/Downloads/daily-fade-dashboard-gold-redesign/backend/vendor/laravel/framework/src/Illuminate/Pipeline/Pipeline.php(219): Illuminate/Auth/Middleware/Authenticate->handle(Object(Illuminate/Http/Request), Object(Closure), 'sanctum')
#19 C:/Users/crown james/Downloads/daily-fade-dashboard-gold-redesign/backend/vendor/laravel/framework/src/Illuminate/Pipeline/Pipeline.php(137): Illuminate/Pipeline/Pipeline->{closure:{closure:Illuminate/Pipeline/Pipeline::carry():194}:195}(Object(Illuminate/Http/Request))
#20 C:/Users/crown james/Downloads/daily-fade-dashboard-gold-redesign/backend/vendor/laravel/framework/src/Illuminate/Routing/Router.php(821): Illuminate/Pipeline/Pipeline->then(Object(Closure))
#21 C:/Users/crown james/Downloads/daily-fade-dashboard-gold-redesign/backend/vendor/laravel/framework/src/Illuminate/Routing/Router.php(800): Illuminate/Routing/Router->runRouteWithinStack(Object(Illuminate/Routing/Route), Object(Illuminate/Http/Request))
#22 C:/Users/crown james/Downloads/daily-fade-dashboard-gold-redesign/backend/vendor/laravel/framework/src/Illuminate/Routing/Router.php(764): Illuminate/Routing/Router->runRoute(Object(Illuminate/Http/Request), Object(Illuminate/Routing/Route))
#23 C:/Users/crown james/Downloads/daily-fade-dashboard-gold-redesign/backend/vendor/laravel/framework/src/Illuminate/Routing/Router.php(753): Illuminate/Routing/Router->dispatchToRoute(Object(Illuminate/Http/Request))
#24 C:/Users/crown james/Downloads/daily-fade-dashboard-gold-redesign/backend/vendor/laravel/framework/src/Illuminate/Foundation/Http/Kernel.php(200): Illuminate/Routing/Router->dispatch(Object(Illuminate/Http/Request))
#25 C:/Users/crown james/Downloads/daily-fade-dashboard-gold-redesign/backend/vendor/laravel/framework/src/Illuminate/Pipeline/Pipeline.php(180): Illuminate/Foundation/Http/Kernel->{closure:Illuminate/Foundation/Http/Kernel::dispatchToRouter():197}(Object(Illuminate/Http/Request))
#26 C:/Users/crown james/Downloads/daily-fade-dashboard-gold-redesign/backend/vendor/laravel/framework/src/Illuminate/Foundation/Http/Middleware/TransformsRequest.php(21): Illuminate/Pipeline/Pipeline->{closure:Illuminate/Pipeline/Pipeline::prepareDestination():178}(Object(Illuminate/Http/Request))
#27 C:/Users/crown james/Downloads/daily-fade-dashboard-gold-redesign/backend/vendor/laravel/framework/src/Illuminate/Foundation/Http/Middleware/ConvertEmptyStringsToNull.php(31): Illuminate/Foundation/Http/Middleware/TransformsRequest->handle(Object(Illuminate/Http/Request), Object(Closure))
#28 C:/Users/crown james/Downloads/daily-fade-dashboard-gold-redesign/backend/vendor/laravel/framework/src/Illuminate/Pipeline/Pipeline.php(219): Illuminate/Foundation/Http/Middleware/ConvertEmptyStringsToNull->handle(Object(Illuminate/Http/Request), Object(Closure))
#29 C:/Users/crown james/Downloads/daily-fade-dashboard-gold-redesign/backend/vendor/laravel/framework/src/Illuminate/Foundation/Http/Middleware/TransformsRequest.php(21): Illuminate/Pipeline/Pipeline->{closure:{closure:Illuminate/Pipeline/Pipeline::carry():194}:195}(Object(Illuminate/Http/Request))
#30 C:/Users/crown james/Downloads/daily-fade-dashboard-gold-redesign/backend/vendor/laravel/framework/src/Illuminate/Foundation/Http/Middleware/TrimStrings.php(51): Illuminate/Foundation/Http/Middleware/TransformsRequest->handle(Object(Illuminate/Http/Request), Object(Closure))
#31 C:/Users/crown james/Downloads/daily-fade-dashboard-gold-redesign/backend/vendor/laravel/framework/src/Illuminate/Pipeline/Pipeline.php(219): Illuminate/Foundation/Http/Middleware/TrimStrings->handle(Object(Illuminate/Http/Request), Object(Closure))
#32 C:/Users/crown james/Downloads/daily-fade-dashboard-gold-redesign/backend/vendor/laravel/framework/src/Illuminate/Http/Middleware/ValidatePostSize.php(27): Illuminate/Pipeline/Pipeline->{closure:{closure:Illuminate/Pipeline/Pipeline::carry():194}:195}(Object(Illuminate/Http/Request))
#33 C:/Users/crown james/Downloads/daily-fade-dashboard-gold-redesign/backend/vendor/laravel/framework/src/Illuminate/Pipeline/Pipeline.php(219): Illuminate/Http/Middleware/ValidatePostSize->handle(Object(Illuminate/Http/Request), Object(Closure))
#34 C:/Users/crown james/Downloads/daily-fade-dashboard-gold-redesign/backend/vendor/laravel/framework/src/Illuminate/Foundation/Http/Middleware/PreventRequestsDuringMaintenance.php(109): Illuminate/Pipeline/Pipeline->{closure:{closure:Illuminate/Pipeline/Pipeline::carry():194}:195}(Object(Illuminate/Http/Request))
#35 C:/Users/crown james/Downloads/daily-fade-dashboard-gold-redesign/backend/vendor/laravel/framework/src/Illuminate/Pipeline/Pipeline.php(219): Illuminate/Foundation/Http/Middleware/PreventRequestsDuringMaintenance->handle(Object(Illuminate/Http/Request), Object(Closure))
#36 C:/Users/crown james/Downloads/daily-fade-dashboard-gold-redesign/backend/vendor/laravel/framework/src/Illuminate/Http/Middleware/HandleCors.php(74): Illuminate/Pipeline/Pipeline->{closure:{closure:Illuminate/Pipeline/Pipeline::carry():194}:195}(Object(Illuminate/Http/Request))
#37 C:/Users/crown james/Downloads/daily-fade-dashboard-gold-redesign/backend/vendor/laravel/framework/src/Illuminate/Pipeline/Pipeline.php(219): Illuminate/Http/Middleware/HandleCors->handle(Object(Illuminate/Http/Request), Object(Closure))
#38 C:/Users/crown james/Downloads/daily-fade-dashboard-gold-redesign/backend/vendor/laravel/framework/src/Illuminate/Http/Middleware/TrustProxies.php(58): Illuminate/Pipeline/Pipeline->{closure:{closure:Illuminate/Pipeline/Pipeline::carry():194}:195}(Object(Illuminate/Http/Request))
#39 C:/Users/crown james/Downloads/daily-fade-dashboard-gold-redesign/backend/vendor/laravel/framework/src/Illuminate/Pipeline/Pipeline.php(219): Illuminate/Http/Middleware/TrustProxies->handle(Object(Illuminate/Http/Request), Object(Closure))
#40 C:/Users/crown james/Downloads/daily-fade-dashboard-gold-redesign/backend/vendor/laravel/framework/src/Illuminate/Foundation/Http/Middleware/InvokeDeferredCallbacks.php(22): Illuminate/Pipeline/Pipeline->{closure:{closure:Illuminate/Pipeline/Pipeline::carry():194}:195}(Object(Illuminate/Http/Request))
#41 C:/Users/crown james/Downloads/daily-fade-dashboard-gold-redesign/backend/vendor/laravel/framework/src/Illuminate/Pipeline/Pipeline.php(219): Illuminate/Foundation/Http/Middleware/InvokeDeferredCallbacks->handle(Object(Illuminate/Http/Request), Object(Closure))
#42 C:/Users/crown james/Downloads/daily-fade-dashboard-gold-redesign/backend/vendor/laravel/framework/src/Illuminate/Http/Middleware/ValidatePathEncoding.php(28): Illuminate/Pipeline/Pipeline->{closure:{closure:Illuminate/Pipeline/Pipeline::carry():194}:195}(Object(Illuminate/Http/Request))
#43 C:/Users/crown james/Downloads/daily-fade-dashboard-gold-redesign/backend/vendor/laravel/framework/src/Illuminate/Pipeline/Pipeline.php(219): Illuminate/Http/Middleware/ValidatePathEncoding->handle(Object(Illuminate/Http/Request), Object(Closure))
#44 C:/Users/crown james/Downloads/daily-fade-dashboard-gold-redesign/backend/vendor/laravel/framework/src/Illuminate/Pipeline/Pipeline.php(137): Illuminate/Pipeline/Pipeline->{closure:{closure:Illuminate/Pipeline/Pipeline::carry():194}:195}(Object(Illuminate/Http/Request))
#45 C:/Users/crown james/Downloads/daily-fade-dashboard-gold-redesign/backend/vendor/laravel/framework/src/Illuminate/Foundation/Http/Kernel.php(175): Illuminate/Pipeline/Pipeline->then(Object(Closure))
#46 C:/Users/crown james/Downloads/daily-fade-dashboard-gold-redesign/backend/vendor/laravel/framework/src/Illuminate/Foundation/Http/Kernel.php(144): Illuminate/Foundation/Http/Kernel->sendRequestThroughRouter(Object(Illuminate/Http/Request))
#47 C:/Users/crown james/Downloads/daily-fade-dashboard-gold-redesign/backend/vendor/laravel/framework/src/Illuminate/Foundation/Application.php(1227): Illuminate/Foundation/Http/Kernel->handle(Object(Illuminate/Http/Request))
#48 C:/Users/crown james/Downloads/daily-fade-dashboard-gold-redesign/backend/public/index.php(20): Illuminate/Foundation/Application->handleRequest(Object(Illuminate/Http/Request))
#49 C:/Users/crown james/Downloads/daily-fade-dashboard-gold-redesign/backend/vendor/laravel/framework/src/Illuminate/Foundation/resources/server.php(23): require_once('C://Users//crown ...')
#50 {main}
"} 
[2026-08-16 05:27:27] local.ERROR: SQLSTATE[HY000]: General error: 1 ambiguous column name: status (Connection: sqlite, Database: C:\Users\crown james\Downloads\daily-fade-dashboard-gold-redesign\backend\database\database.sqlite, SQL: select "appointments"."appointment_date" as "date", sum(payments.amount) as total from "payments" inner join "appointments" on "appointments"."id" = "payments"."appointment_id" where exists (select * from "appointments" where "payments"."appointment_id" = "appointments"."id" and "appointment_date" between 2026-08-10 00:00:00 and 2026-08-16 23:59:59) and "status" = paid group by "appointments"."appointment_date") {"userId":1,"exception":"[object] (Illuminate\\Database\\QueryException(code: HY000): SQLSTATE[HY000]: General error: 1 ambiguous column name: status (Connection: sqlite, Database: C:\\Users\\crown james\\Downloads\\daily-fade-dashboard-gold-redesign\\backend\\database\\database.sqlite, SQL: select \"appointments\".\"appointment_date\" as \"date\", sum(payments.amount) as total from \"payments\" inner join \"appointments\" on \"appointments\".\"id\" = \"payments\".\"appointment_id\" where exists (select * from \"appointments\" where \"payments\".\"appointment_id\" = \"appointments\".\"id\" and \"appointment_date\" between 2026-08-10 00:00:00 and 2026-08-16 23:59:59) and \"status\" = paid group by \"appointments\".\"appointment_date\") at C:/Users/crown james/Downloads/daily-fade-dashboard-gold-redesign/backend/vendor/laravel/framework/src/Illuminate/Database/Connection.php:857)
[stacktrace]
#0 C:/Users/crown james/Downloads/daily-fade-dashboard-gold-redesign/backend/vendor/laravel/framework/src/Illuminate/Database/Connection.php(813): Illuminate/Database/Connection->runQueryCallback('select \"appoint...', Array, Object(Closure))
#1 C:/Users/crown james/Downloads/daily-fade-dashboard-gold-redesign/backend/vendor/laravel/framework/src/Illuminate/Database/Connection.php(426): Illuminate/Database/Connection->run('select \"appoint...', Array, Object(Closure))
#2 C:/Users/crown james/Downloads/daily-fade-dashboard-gold-redesign/backend/vendor/laravel/framework/src/Illuminate/Database/Query/Builder.php(3573): Illuminate/Database/Connection->select('select \"appoint...', Array, true, Array)
#3 C:/Users/crown james/Downloads/daily-fade-dashboard-gold-redesign/backend/vendor/laravel/framework/src/Illuminate/Database/Query/Builder.php(3833): Illuminate/Database/Query/Builder->runSelect()
#4 C:/Users/crown james/Downloads/daily-fade-dashboard-gold-redesign/backend/vendor/laravel/framework/src/Illuminate/Database/Eloquent/Builder.php(1088): Illuminate/Database/Query/Builder->pluck('total', 'date')
#5 C:/Users/crown james/Downloads/daily-fade-dashboard-gold-redesign/backend/app/Http/Controllers/Api/Admin/DashboardController.php(51): Illuminate/Database/Eloquent/Builder->pluck('total', 'date')
#6 C:/Users/crown james/Downloads/daily-fade-dashboard-gold-redesign/backend/vendor/laravel/framework/src/Illuminate/Routing/ControllerDispatcher.php(46): App/Http/Controllers/Api/Admin/DashboardController->index(Object(Illuminate/Http/Request))
#7 C:/Users/crown james/Downloads/daily-fade-dashboard-gold-redesign/backend/vendor/laravel/framework/src/Illuminate/Routing/Route.php(276): Illuminate/Routing/ControllerDispatcher->dispatch(Object(Illuminate/Routing/Route), Object(App/Http/Controllers/Api/Admin/DashboardController), 'index')
#8 C:/Users/crown james/Downloads/daily-fade-dashboard-gold-redesign/backend/vendor/laravel/framework/src/Illuminate/Routing/Route.php(216): Illuminate/Routing/Route->runController()
#9 C:/Users/crown james/Downloads/daily-fade-dashboard-gold-redesign/backend/vendor/laravel/framework/src/Illuminate/Routing/Router.php(822): Illuminate/Routing/Route->run()
#10 C:/Users/crown james/Downloads/daily-fade-dashboard-gold-redesign/backend/vendor/laravel/framework/src/Illuminate/Pipeline/Pipeline.php(180): Illuminate/Routing/Router->{closure:Illuminate/Routing/Router::runRouteWithinStack():821}(Object(Illuminate/Http/Request))
#11 C:/Users/crown james/Downloads/daily-fade-dashboard-gold-redesign/backend/app/Http/Middleware/EnsureUserHasRole.php(24): Illuminate/Pipeline/Pipeline->{closure:Illuminate/Pipeline/Pipeline::prepareDestination():178}(Object(Illuminate/Http/Request))
#12 C:/Users/crown james/Downloads/daily-fade-dashboard-gold-redesign/backend/vendor/laravel/framework/src/Illuminate/Pipeline/Pipeline.php(219): App/Http/Middleware/EnsureUserHasRole->handle(Object(Illuminate/Http/Request), Object(Closure), 'admin')
#13 C:/Users/crown james/Downloads/daily-fade-dashboard-gold-redesign/backend/vendor/laravel/framework/src/Illuminate/Routing/Middleware/SubstituteBindings.php(52): Illuminate/Pipeline/Pipeline->{closure:{closure:Illuminate/Pipeline/Pipeline::carry():194}:195}(Object(Illuminate/Http/Request))
#14 C:/Users/crown james/Downloads/daily-fade-dashboard-gold-redesign/backend/vendor/laravel/framework/src/Illuminate/Pipeline/Pipeline.php(219): Illuminate/Routing/Middleware/SubstituteBindings->handle(Object(Illuminate/Http/Request), Object(Closure))
#15 C:/Users/crown james/Downloads/daily-fade-dashboard-gold-redesign/backend/vendor/laravel/framework/src/Illuminate/Auth/Middleware/Authenticate.php(63): Illuminate/Pipeline/Pipeline->{closure:{closure:Illuminate/Pipeline/Pipeline::carry():194}:195}(Object(Illuminate/Http/Request))
#16 C:/Users/crown james/Downloads/daily-fade-dashboard-gold-redesign/backend/vendor/laravel/framework/src/Illuminate/Pipeline/Pipeline.php(219): Illuminate/Auth/Middleware/Authenticate->handle(Object(Illuminate/Http/Request), Object(Closure), 'sanctum')
#17 C:/Users/crown james/Downloads/daily-fade-dashboard-gold-redesign/backend/vendor/laravel/framework/src/Illuminate/Pipeline/Pipeline.php(137): Illuminate/Pipeline/Pipeline->{closure:{closure:Illuminate/Pipeline/Pipeline::carry():194}:195}(Object(Illuminate/Http/Request))
#18 C:/Users/crown james/Downloads/daily-fade-dashboard-gold-redesign/backend/vendor/laravel/framework/src/Illuminate/Routing/Router.php(821): Illuminate/Pipeline/Pipeline->then(Object(Closure))
#19 C:/Users/crown james/Downloads/daily-fade-dashboard-gold-redesign/backend/vendor/laravel/framework/src/Illuminate/Routing/Router.php(800): Illuminate/Routing/Router->runRouteWithinStack(Object(Illuminate/Routing/Route), Object(Illuminate/Http/Request))
#20 C:/Users/crown james/Downloads/daily-fade-dashboard-gold-redesign/backend/vendor/laravel/framework/src/Illuminate/Routing/Router.php(764): Illuminate/Routing/Router->runRoute(Object(Illuminate/Http/Request), Object(Illuminate/Routing/Route))
#21 C:/Users/crown james/Downloads/daily-fade-dashboard-gold-redesign/backend/vendor/laravel/framework/src/Illuminate/Routing/Router.php(753): Illuminate/Routing/Router->dispatchToRoute(Object(Illuminate/Http/Request))
#22 C:/Users/crown james/Downloads/daily-fade-dashboard-gold-redesign/backend/vendor/laravel/framework/src/Illuminate/Foundation/Http/Kernel.php(200): Illuminate/Routing/Router->dispatch(Object(Illuminate/Http/Request))
#23 C:/Users/crown james/Downloads/daily-fade-dashboard-gold-redesign/backend/vendor/laravel/framework/src/Illuminate/Pipeline/Pipeline.php(180): Illuminate/Foundation/Http/Kernel->{closure:Illuminate/Foundation/Http/Kernel::dispatchToRouter():197}(Object(Illuminate/Http/Request))
#24 C:/Users/crown james/Downloads/daily-fade-dashboard-gold-redesign/backend/vendor/laravel/framework/src/Illuminate/Foundation/Http/Middleware/TransformsRequest.php(21): Illuminate/Pipeline/Pipeline->{closure:Illuminate/Pipeline/Pipeline::prepareDestination():178}(Object(Illuminate/Http/Request))
#25 C:/Users/crown james/Downloads/daily-fade-dashboard-gold-redesign/backend/vendor/laravel/framework/src/Illuminate/Foundation/Http/Middleware/ConvertEmptyStringsToNull.php(31): Illuminate/Foundation/Http/Middleware/TransformsRequest->handle(Object(Illuminate/Http/Request), Object(Closure))
#26 C:/Users/crown james/Downloads/daily-fade-dashboard-gold-redesign/backend/vendor/laravel/framework/src/Illuminate/Pipeline/Pipeline.php(219): Illuminate/Foundation/Http/Middleware/ConvertEmptyStringsToNull->handle(Object(Illuminate/Http/Request), Object(Closure))
#27 C:/Users/crown james/Downloads/daily-fade-dashboard-gold-redesign/backend/vendor/laravel/framework/src/Illuminate/Foundation/Http/Middleware/TransformsRequest.php(21): Illuminate/Pipeline/Pipeline->{closure:{closure:Illuminate/Pipeline/Pipeline::carry():194}:195}(Object(Illuminate/Http/Request))
#28 C:/Users/crown james/Downloads/daily-fade-dashboard-gold-redesign/backend/vendor/laravel/framework/src/Illuminate/Foundation/Http/Middleware/TrimStrings.php(51): Illuminate/Foundation/Http/Middleware/TransformsRequest->handle(Object(Illuminate/Http/Request), Object(Closure))
#29 C:/Users/crown james/Downloads/daily-fade-dashboard-gold-redesign/backend/vendor/laravel/framework/src/Illuminate/Pipeline/Pipeline.php(219): Illuminate/Foundation/Http/Middleware/TrimStrings->handle(Object(Illuminate/Http/Request), Object(Closure))
#30 C:/Users/crown james/Downloads/daily-fade-dashboard-gold-redesign/backend/vendor/laravel/framework/src/Illuminate/Http/Middleware/ValidatePostSize.php(27): Illuminate/Pipeline/Pipeline->{closure:{closure:Illuminate/Pipeline/Pipeline::carry():194}:195}(Object(Illuminate/Http/Request))
#31 C:/Users/crown james/Downloads/daily-fade-dashboard-gold-redesign/backend/vendor/laravel/framework/src/Illuminate/Pipeline/Pipeline.php(219): Illuminate/Http/Middleware/ValidatePostSize->handle(Object(Illuminate/Http/Request), Object(Closure))
#32 C:/Users/crown james/Downloads/daily-fade-dashboard-gold-redesign/backend/vendor/laravel/framework/src/Illuminate/Foundation/Http/Middleware/PreventRequestsDuringMaintenance.php(109): Illuminate/Pipeline/Pipeline->{closure:{closure:Illuminate/Pipeline/Pipeline::carry():194}:195}(Object(Illuminate/Http/Request))
#33 C:/Users/crown james/Downloads/daily-fade-dashboard-gold-redesign/backend/vendor/laravel/framework/src/Illuminate/Pipeline/Pipeline.php(219): Illuminate/Foundation/Http/Middleware/PreventRequestsDuringMaintenance->handle(Object(Illuminate/Http/Request), Object(Closure))
#34 C:/Users/crown james/Downloads/daily-fade-dashboard-gold-redesign/backend/vendor/laravel/framework/src/Illuminate/Http/Middleware/HandleCors.php(74): Illuminate/Pipeline/Pipeline->{closure:{closure:Illuminate/Pipeline/Pipeline::carry():194}:195}(Object(Illuminate/Http/Request))
#35 C:/Users/crown james/Downloads/daily-fade-dashboard-gold-redesign/backend/vendor/laravel/framework/src/Illuminate/Pipeline/Pipeline.php(219): Illuminate/Http/Middleware/HandleCors->handle(Object(Illuminate/Http/Request), Object(Closure))
#36 C:/Users/crown james/Downloads/daily-fade-dashboard-gold-redesign/backend/vendor/laravel/framework/src/Illuminate/Http/Middleware/TrustProxies.php(58): Illuminate/Pipeline/Pipeline->{closure:{closure:Illuminate/Pipeline/Pipeline::carry():194}:195}(Object(Illuminate/Http/Request))
#37 C:/Users/crown james/Downloads/daily-fade-dashboard-gold-redesign/backend/vendor/laravel/framework/src/Illuminate/Pipeline/Pipeline.php(219): Illuminate/Http/Middleware/TrustProxies->handle(Object(Illuminate/Http/Request), Object(Closure))
#38 C:/Users/crown james/Downloads/daily-fade-dashboard-gold-redesign/backend/vendor/laravel/framework/src/Illuminate/Foundation/Http/Middleware/InvokeDeferredCallbacks.php(22): Illuminate/Pipeline/Pipeline->{closure:{closure:Illuminate/Pipeline/Pipeline::carry():194}:195}(Object(Illuminate/Http/Request))
#39 C:/Users/crown james/Downloads/daily-fade-dashboard-gold-redesign/backend/vendor/laravel/framework/src/Illuminate/Pipeline/Pipeline.php(219): Illuminate/Foundation/Http/Middleware/InvokeDeferredCallbacks->handle(Object(Illuminate/Http/Request), Object(Closure))
#40 C:/Users/crown james/Downloads/daily-fade-dashboard-gold-redesign/backend/vendor/laravel/framework/src/Illuminate/Http/Middleware/ValidatePathEncoding.php(28): Illuminate/Pipeline/Pipeline->{closure:{closure:Illuminate/Pipeline/Pipeline::carry():194}:195}(Object(Illuminate/Http/Request))
#41 C:/Users/crown james/Downloads/daily-fade-dashboard-gold-redesign/backend/vendor/laravel/framework/src/Illuminate/Pipeline/Pipeline.php(219): Illuminate/Http/Middleware/ValidatePathEncoding->handle(Object(Illuminate/Http/Request), Object(Closure))
#42 C:/Users/crown james/Downloads/daily-fade-dashboard-gold-redesign/backend/vendor/laravel/framework/src/Illuminate/Pipeline/Pipeline.php(137): Illuminate/Pipeline/Pipeline->{closure:{closure:Illuminate/Pipeline/Pipeline::carry():194}:195}(Object(Illuminate/Http/Request))
#43 C:/Users/crown james/Downloads/daily-fade-dashboard-gold-redesign/backend/vendor/laravel/framework/src/Illuminate/Foundation/Http/Kernel.php(175): Illuminate/Pipeline/Pipeline->then(Object(Closure))
#44 C:/Users/crown james/Downloads/daily-fade-dashboard-gold-redesign/backend/vendor/laravel/framework/src/Illuminate/Foundation/Http/Kernel.php(144): Illuminate/Foundation/Http/Kernel->sendRequestThroughRouter(Object(Illuminate/Http/Request))
#45 C:/Users/crown james/Downloads/daily-fade-dashboard-gold-redesign/backend/vendor/laravel/framework/src/Illuminate/Foundation/Application.php(1227): Illuminate/Foundation/Http/Kernel->handle(Object(Illuminate/Http/Request))
#46 C:/Users/crown james/Downloads/daily-fade-dashboard-gold-redesign/backend/public/index.php(20): Illuminate/Foundation/Application->handleRequest(Object(Illuminate/Http/Request))
#47 C:/Users/crown james/Downloads/daily-fade-dashboard-gold-redesign/backend/vendor/laravel/framework/src/Illuminate/Foundation/resources/server.php(23): require_once('C://Users//crown ...')
#48 {main}

[previous exception] [object] (PDOException(code: HY000): SQLSTATE[HY000]: General error: 1 ambiguous column name: status at C:/Users/crown james/Downloads/daily-fade-dashboard-gold-redesign/backend/vendor/laravel/framework/src/Illuminate/Database/Connection.php:435)
[stacktrace]
#0 C:/Users/crown james/Downloads/daily-fade-dashboard-gold-redesign/backend/vendor/laravel/framework/src/Illuminate/Database/Connection.php(435): PDO->prepare('select \"appoint...')
#1 C:/Users/crown james/Downloads/daily-fade-dashboard-gold-redesign/backend/vendor/laravel/framework/src/Illuminate/Database/Connection.php(846): Illuminate/Database/Connection->{closure:Illuminate/Database/Connection::select():426}('select \"appoint...', Array)
#2 C:/Users/crown james/Downloads/daily-fade-dashboard-gold-redesign/backend/vendor/laravel/framework/src/Illuminate/Database/Connection.php(813): Illuminate/Database/Connection->runQueryCallback('select \"appoint...', Array, Object(Closure))
#3 C:/Users/crown james/Downloads/daily-fade-dashboard-gold-redesign/backend/vendor/laravel/framework/src/Illuminate/Database/Connection.php(426): Illuminate/Database/Connection->run('select \"appoint...', Array, Object(Closure))
#4 C:/Users/crown james/Downloads/daily-fade-dashboard-gold-redesign/backend/vendor/laravel/framework/src/Illuminate/Database/Query/Builder.php(3573): Illuminate/Database/Connection->select('select \"appoint...', Array, true, Array)
#5 C:/Users/crown james/Downloads/daily-fade-dashboard-gold-redesign/backend/vendor/laravel/framework/src/Illuminate/Database/Query/Builder.php(3833): Illuminate/Database/Query/Builder->runSelect()
#6 C:/Users/crown james/Downloads/daily-fade-dashboard-gold-redesign/backend/vendor/laravel/framework/src/Illuminate/Database/Eloquent/Builder.php(1088): Illuminate/Database/Query/Builder->pluck('total', 'date')
#7 C:/Users/crown james/Downloads/daily-fade-dashboard-gold-redesign/backend/app/Http/Controllers/Api/Admin/DashboardController.php(51): Illuminate/Database/Eloquent/Builder->pluck('total', 'date')
#8 C:/Users/crown james/Downloads/daily-fade-dashboard-gold-redesign/backend/vendor/laravel/framework/src/Illuminate/Routing/ControllerDispatcher.php(46): App/Http/Controllers/Api/Admin/DashboardController->index(Object(Illuminate/Http/Request))
#9 C:/Users/crown james/Downloads/daily-fade-dashboard-gold-redesign/backend/vendor/laravel/framework/src/Illuminate/Routing/Route.php(276): Illuminate/Routing/ControllerDispatcher->dispatch(Object(Illuminate/Routing/Route), Object(App/Http/Controllers/Api/Admin/DashboardController), 'index')
#10 C:/Users/crown james/Downloads/daily-fade-dashboard-gold-redesign/backend/vendor/laravel/framework/src/Illuminate/Routing/Route.php(216): Illuminate/Routing/Route->runController()
#11 C:/Users/crown james/Downloads/daily-fade-dashboard-gold-redesign/backend/vendor/laravel/framework/src/Illuminate/Routing/Router.php(822): Illuminate/Routing/Route->run()
#12 C:/Users/crown james/Downloads/daily-fade-dashboard-gold-redesign/backend/vendor/laravel/framework/src/Illuminate/Pipeline/Pipeline.php(180): Illuminate/Routing/Router->{closure:Illuminate/Routing/Router::runRouteWithinStack():821}(Object(Illuminate/Http/Request))
#13 C:/Users/crown james/Downloads/daily-fade-dashboard-gold-redesign/backend/app/Http/Middleware/EnsureUserHasRole.php(24): Illuminate/Pipeline/Pipeline->{closure:Illuminate/Pipeline/Pipeline::prepareDestination():178}(Object(Illuminate/Http/Request))
#14 C:/Users/crown james/Downloads/daily-fade-dashboard-gold-redesign/backend/vendor/laravel/framework/src/Illuminate/Pipeline/Pipeline.php(219): App/Http/Middleware/EnsureUserHasRole->handle(Object(Illuminate/Http/Request), Object(Closure), 'admin')
#15 C:/Users/crown james/Downloads/daily-fade-dashboard-gold-redesign/backend/vendor/laravel/framework/src/Illuminate/Routing/Middleware/SubstituteBindings.php(52): Illuminate/Pipeline/Pipeline->{closure:{closure:Illuminate/Pipeline/Pipeline::carry():194}:195}(Object(Illuminate/Http/Request))
#16 C:/Users/crown james/Downloads/daily-fade-dashboard-gold-redesign/backend/vendor/laravel/framework/src/Illuminate/Pipeline/Pipeline.php(219): Illuminate/Routing/Middleware/SubstituteBindings->handle(Object(Illuminate/Http/Request), Object(Closure))
#17 C:/Users/crown james/Downloads/daily-fade-dashboard-gold-redesign/backend/vendor/laravel/framework/src/Illuminate/Auth/Middleware/Authenticate.php(63): Illuminate/Pipeline/Pipeline->{closure:{closure:Illuminate/Pipeline/Pipeline::carry():194}:195}(Object(Illuminate/Http/Request))
#18 C:/Users/crown james/Downloads/daily-fade-dashboard-gold-redesign/backend/vendor/laravel/framework/src/Illuminate/Pipeline/Pipeline.php(219): Illuminate/Auth/Middleware/Authenticate->handle(Object(Illuminate/Http/Request), Object(Closure), 'sanctum')
#19 C:/Users/crown james/Downloads/daily-fade-dashboard-gold-redesign/backend/vendor/laravel/framework/src/Illuminate/Pipeline/Pipeline.php(137): Illuminate/Pipeline/Pipeline->{closure:{closure:Illuminate/Pipeline/Pipeline::carry():194}:195}(Object(Illuminate/Http/Request))
#20 C:/Users/crown james/Downloads/daily-fade-dashboard-gold-redesign/backend/vendor/laravel/framework/src/Illuminate/Routing/Router.php(821): Illuminate/Pipeline/Pipeline->then(Object(Closure))
#21 C:/Users/crown james/Downloads/daily-fade-dashboard-gold-redesign/backend/vendor/laravel/framework/src/Illuminate/Routing/Router.php(800): Illuminate/Routing/Router->runRouteWithinStack(Object(Illuminate/Routing/Route), Object(Illuminate/Http/Request))
#22 C:/Users/crown james/Downloads/daily-fade-dashboard-gold-redesign/backend/vendor/laravel/framework/src/Illuminate/Routing/Router.php(764): Illuminate/Routing/Router->runRoute(Object(Illuminate/Http/Request), Object(Illuminate/Routing/Route))
#23 C:/Users/crown james/Downloads/daily-fade-dashboard-gold-redesign/backend/vendor/laravel/framework/src/Illuminate/Routing/Router.php(753): Illuminate/Routing/Router->dispatchToRoute(Object(Illuminate/Http/Request))
#24 C:/Users/crown james/Downloads/daily-fade-dashboard-gold-redesign/backend/vendor/laravel/framework/src/Illuminate/Foundation/Http/Kernel.php(200): Illuminate/Routing/Router->dispatch(Object(Illuminate/Http/Request))
#25 C:/Users/crown james/Downloads/daily-fade-dashboard-gold-redesign/backend/vendor/laravel/framework/src/Illuminate/Pipeline/Pipeline.php(180): Illuminate/Foundation/Http/Kernel->{closure:Illuminate/Foundation/Http/Kernel::dispatchToRouter():197}(Object(Illuminate/Http/Request))
#26 C:/Users/crown james/Downloads/daily-fade-dashboard-gold-redesign/backend/vendor/laravel/framework/src/Illuminate/Foundation/Http/Middleware/TransformsRequest.php(21): Illuminate/Pipeline/Pipeline->{closure:Illuminate/Pipeline/Pipeline::prepareDestination():178}(Object(Illuminate/Http/Request))
#27 C:/Users/crown james/Downloads/daily-fade-dashboard-gold-redesign/backend/vendor/laravel/framework/src/Illuminate/Foundation/Http/Middleware/ConvertEmptyStringsToNull.php(31): Illuminate/Foundation/Http/Middleware/TransformsRequest->handle(Object(Illuminate/Http/Request), Object(Closure))
#28 C:/Users/crown james/Downloads/daily-fade-dashboard-gold-redesign/backend/vendor/laravel/framework/src/Illuminate/Pipeline/Pipeline.php(219): Illuminate/Foundation/Http/Middleware/ConvertEmptyStringsToNull->handle(Object(Illuminate/Http/Request), Object(Closure))
#29 C:/Users/crown james/Downloads/daily-fade-dashboard-gold-redesign/backend/vendor/laravel/framework/src/Illuminate/Foundation/Http/Middleware/TransformsRequest.php(21): Illuminate/Pipeline/Pipeline->{closure:{closure:Illuminate/Pipeline/Pipeline::carry():194}:195}(Object(Illuminate/Http/Request))
#30 C:/Users/crown james/Downloads/daily-fade-dashboard-gold-redesign/backend/vendor/laravel/framework/src/Illuminate/Foundation/Http/Middleware/TrimStrings.php(51): Illuminate/Foundation/Http/Middleware/TransformsRequest->handle(Object(Illuminate/Http/Request), Object(Closure))
#31 C:/Users/crown james/Downloads/daily-fade-dashboard-gold-redesign/backend/vendor/laravel/framework/src/Illuminate/Pipeline/Pipeline.php(219): Illuminate/Foundation/Http/Middleware/TrimStrings->handle(Object(Illuminate/Http/Request), Object(Closure))
#32 C:/Users/crown james/Downloads/daily-fade-dashboard-gold-redesign/backend/vendor/laravel/framework/src/Illuminate/Http/Middleware/ValidatePostSize.php(27): Illuminate/Pipeline/Pipeline->{closure:{closure:Illuminate/Pipeline/Pipeline::carry():194}:195}(Object(Illuminate/Http/Request))
#33 C:/Users/crown james/Downloads/daily-fade-dashboard-gold-redesign/backend/vendor/laravel/framework/src/Illuminate/Pipeline/Pipeline.php(219): Illuminate/Http/Middleware/ValidatePostSize->handle(Object(Illuminate/Http/Request), Object(Closure))
#34 C:/Users/crown james/Downloads/daily-fade-dashboard-gold-redesign/backend/vendor/laravel/framework/src/Illuminate/Foundation/Http/Middleware/PreventRequestsDuringMaintenance.php(109): Illuminate/Pipeline/Pipeline->{closure:{closure:Illuminate/Pipeline/Pipeline::carry():194}:195}(Object(Illuminate/Http/Request))
#35 C:/Users/crown james/Downloads/daily-fade-dashboard-gold-redesign/backend/vendor/laravel/framework/src/Illuminate/Pipeline/Pipeline.php(219): Illuminate/Foundation/Http/Middleware/PreventRequestsDuringMaintenance->handle(Object(Illuminate/Http/Request), Object(Closure))
#36 C:/Users/crown james/Downloads/daily-fade-dashboard-gold-redesign/backend/vendor/laravel/framework/src/Illuminate/Http/Middleware/HandleCors.php(74): Illuminate/Pipeline/Pipeline->{closure:{closure:Illuminate/Pipeline/Pipeline::carry():194}:195}(Object(Illuminate/Http/Request))
#37 C:/Users/crown james/Downloads/daily-fade-dashboard-gold-redesign/backend/vendor/laravel/framework/src/Illuminate/Pipeline/Pipeline.php(219): Illuminate/Http/Middleware/HandleCors->handle(Object(Illuminate/Http/Request), Object(Closure))
#38 C:/Users/crown james/Downloads/daily-fade-dashboard-gold-redesign/backend/vendor/laravel/framework/src/Illuminate/Http/Middleware/TrustProxies.php(58): Illuminate/Pipeline/Pipeline->{closure:{closure:Illuminate/Pipeline/Pipeline::carry():194}:195}(Object(Illuminate/Http/Request))
#39 C:/Users/crown james/Downloads/daily-fade-dashboard-gold-redesign/backend/vendor/laravel/framework/src/Illuminate/Pipeline/Pipeline.php(219): Illuminate/Http/Middleware/TrustProxies->handle(Object(Illuminate/Http/Request), Object(Closure))
#40 C:/Users/crown james/Downloads/daily-fade-dashboard-gold-redesign/backend/vendor/laravel/framework/src/Illuminate/Foundation/Http/Middleware/InvokeDeferredCallbacks.php(22): Illuminate/Pipeline/Pipeline->{closure:{closure:Illuminate/Pipeline/Pipeline::carry():194}:195}(Object(Illuminate/Http/Request))
#41 C:/Users/crown james/Downloads/daily-fade-dashboard-gold-redesign/backend/vendor/laravel/framework/src/Illuminate/Pipeline/Pipeline.php(219): Illuminate/Foundation/Http/Middleware/InvokeDeferredCallbacks->handle(Object(Illuminate/Http/Request), Object(Closure))
#42 C:/Users/crown james/Downloads/daily-fade-dashboard-gold-redesign/backend/vendor/laravel/framework/src/Illuminate/Http/Middleware/ValidatePathEncoding.php(28): Illuminate/Pipeline/Pipeline->{closure:{closure:Illuminate/Pipeline/Pipeline::carry():194}:195}(Object(Illuminate/Http/Request))
#43 C:/Users/crown james/Downloads/daily-fade-dashboard-gold-redesign/backend/vendor/laravel/framework/src/Illuminate/Pipeline/Pipeline.php(219): Illuminate/Http/Middleware/ValidatePathEncoding->handle(Object(Illuminate/Http/Request), Object(Closure))
#44 C:/Users/crown james/Downloads/daily-fade-dashboard-gold-redesign/backend/vendor/laravel/framework/src/Illuminate/Pipeline/Pipeline.php(137): Illuminate/Pipeline/Pipeline->{closure:{closure:Illuminate/Pipeline/Pipeline::carry():194}:195}(Object(Illuminate/Http/Request))
#45 C:/Users/crown james/Downloads/daily-fade-dashboard-gold-redesign/backend/vendor/laravel/framework/src/Illuminate/Foundation/Http/Kernel.php(175): Illuminate/Pipeline/Pipeline->then(Object(Closure))
#46 C:/Users/crown james/Downloads/daily-fade-dashboard-gold-redesign/backend/vendor/laravel/framework/src/Illuminate/Foundation/Http/Kernel.php(144): Illuminate/Foundation/Http/Kernel->sendRequestThroughRouter(Object(Illuminate/Http/Request))
#47 C:/Users/crown james/Downloads/daily-fade-dashboard-gold-redesign/backend/vendor/laravel/framework/src/Illuminate/Foundation/Application.php(1227): Illuminate/Foundation/Http/Kernel->handle(Object(Illuminate/Http/Request))
#48 C:/Users/crown james/Downloads/daily-fade-dashboard-gold-redesign/backend/public/index.php(20): Illuminate/Foundation/Application->handleRequest(Object(Illuminate/Http/Request))
#49 C:/Users/crown james/Downloads/daily-fade-dashboard-gold-redesign/backend/vendor/laravel/framework/src/Illuminate/Foundation/resources/server.php(23): require_once('C://Users//crown ...')
#50 {main}
"} 
[2026-08-16 05:28:24] local.ERROR: SQLSTATE[HY000]: General error: 1 ambiguous column name: status (Connection: sqlite, Database: C:\Users\crown james\Downloads\daily-fade-dashboard-gold-redesign\backend\database\database.sqlite, SQL: select "appointments"."appointment_date" as "date", sum(payments.amount) as total from "payments" inner join "appointments" on "appointments"."id" = "payments"."appointment_id" where exists (select * from "appointments" where "payments"."appointment_id" = "appointments"."id" and "appointment_date" between 2026-08-10 00:00:00 and 2026-08-16 23:59:59) and "status" = paid group by "appointments"."appointment_date") {"userId":1,"exception":"[object] (Illuminate\\Database\\QueryException(code: HY000): SQLSTATE[HY000]: General error: 1 ambiguous column name: status (Connection: sqlite, Database: C:\\Users\\crown james\\Downloads\\daily-fade-dashboard-gold-redesign\\backend\\database\\database.sqlite, SQL: select \"appointments\".\"appointment_date\" as \"date\", sum(payments.amount) as total from \"payments\" inner join \"appointments\" on \"appointments\".\"id\" = \"payments\".\"appointment_id\" where exists (select * from \"appointments\" where \"payments\".\"appointment_id\" = \"appointments\".\"id\" and \"appointment_date\" between 2026-08-10 00:00:00 and 2026-08-16 23:59:59) and \"status\" = paid group by \"appointments\".\"appointment_date\") at C:/Users/crown james/Downloads/daily-fade-dashboard-gold-redesign/backend/vendor/laravel/framework/src/Illuminate/Database/Connection.php:857)
[stacktrace]
#0 C:/Users/crown james/Downloads/daily-fade-dashboard-gold-redesign/backend/vendor/laravel/framework/src/Illuminate/Database/Connection.php(813): Illuminate/Database/Connection->runQueryCallback('select \"appoint...', Array, Object(Closure))
#1 C:/Users/crown james/Downloads/daily-fade-dashboard-gold-redesign/backend/vendor/laravel/framework/src/Illuminate/Database/Connection.php(426): Illuminate/Database/Connection->run('select \"appoint...', Array, Object(Closure))
#2 C:/Users/crown james/Downloads/daily-fade-dashboard-gold-redesign/backend/vendor/laravel/framework/src/Illuminate/Database/Query/Builder.php(3573): Illuminate/Database/Connection->select('select \"appoint...', Array, true, Array)
#3 C:/Users/crown james/Downloads/daily-fade-dashboard-gold-redesign/backend/vendor/laravel/framework/src/Illuminate/Database/Query/Builder.php(3833): Illuminate/Database/Query/Builder->runSelect()
#4 C:/Users/crown james/Downloads/daily-fade-dashboard-gold-redesign/backend/vendor/laravel/framework/src/Illuminate/Database/Eloquent/Builder.php(1088): Illuminate/Database/Query/Builder->pluck('total', 'date')
#5 C:/Users/crown james/Downloads/daily-fade-dashboard-gold-redesign/backend/app/Http/Controllers/Api/Admin/DashboardController.php(51): Illuminate/Database/Eloquent/Builder->pluck('total', 'date')
#6 C:/Users/crown james/Downloads/daily-fade-dashboard-gold-redesign/backend/vendor/laravel/framework/src/Illuminate/Routing/ControllerDispatcher.php(46): App/Http/Controllers/Api/Admin/DashboardController->index(Object(Illuminate/Http/Request))
#7 C:/Users/crown james/Downloads/daily-fade-dashboard-gold-redesign/backend/vendor/laravel/framework/src/Illuminate/Routing/Route.php(276): Illuminate/Routing/ControllerDispatcher->dispatch(Object(Illuminate/Routing/Route), Object(App/Http/Controllers/Api/Admin/DashboardController), 'index')
#8 C:/Users/crown james/Downloads/daily-fade-dashboard-gold-redesign/backend/vendor/laravel/framework/src/Illuminate/Routing/Route.php(216): Illuminate/Routing/Route->runController()
#9 C:/Users/crown james/Downloads/daily-fade-dashboard-gold-redesign/backend/vendor/laravel/framework/src/Illuminate/Routing/Router.php(822): Illuminate/Routing/Route->run()
#10 C:/Users/crown james/Downloads/daily-fade-dashboard-gold-redesign/backend/vendor/laravel/framework/src/Illuminate/Pipeline/Pipeline.php(180): Illuminate/Routing/Router->{closure:Illuminate/Routing/Router::runRouteWithinStack():821}(Object(Illuminate/Http/Request))
#11 C:/Users/crown james/Downloads/daily-fade-dashboard-gold-redesign/backend/app/Http/Middleware/EnsureUserHasRole.php(24): Illuminate/Pipeline/Pipeline->{closure:Illuminate/Pipeline/Pipeline::prepareDestination():178}(Object(Illuminate/Http/Request))
#12 C:/Users/crown james/Downloads/daily-fade-dashboard-gold-redesign/backend/vendor/laravel/framework/src/Illuminate/Pipeline/Pipeline.php(219): App/Http/Middleware/EnsureUserHasRole->handle(Object(Illuminate/Http/Request), Object(Closure), 'admin')
#13 C:/Users/crown james/Downloads/daily-fade-dashboard-gold-redesign/backend/vendor/laravel/framework/src/Illuminate/Routing/Middleware/SubstituteBindings.php(52): Illuminate/Pipeline/Pipeline->{closure:{closure:Illuminate/Pipeline/Pipeline::carry():194}:195}(Object(Illuminate/Http/Request))
#14 C:/Users/crown james/Downloads/daily-fade-dashboard-gold-redesign/backend/vendor/laravel/framework/src/Illuminate/Pipeline/Pipeline.php(219): Illuminate/Routing/Middleware/SubstituteBindings->handle(Object(Illuminate/Http/Request), Object(Closure))
#15 C:/Users/crown james/Downloads/daily-fade-dashboard-gold-redesign/backend/vendor/laravel/framework/src/Illuminate/Auth/Middleware/Authenticate.php(63): Illuminate/Pipeline/Pipeline->{closure:{closure:Illuminate/Pipeline/Pipeline::carry():194}:195}(Object(Illuminate/Http/Request))
#16 C:/Users/crown james/Downloads/daily-fade-dashboard-gold-redesign/backend/vendor/laravel/framework/src/Illuminate/Pipeline/Pipeline.php(219): Illuminate/Auth/Middleware/Authenticate->handle(Object(Illuminate/Http/Request), Object(Closure), 'sanctum')
#17 C:/Users/crown james/Downloads/daily-fade-dashboard-gold-redesign/backend/vendor/laravel/framework/src/Illuminate/Pipeline/Pipeline.php(137): Illuminate/Pipeline/Pipeline->{closure:{closure:Illuminate/Pipeline/Pipeline::carry():194}:195}(Object(Illuminate/Http/Request))
#18 C:/Users/crown james/Downloads/daily-fade-dashboard-gold-redesign/backend/vendor/laravel/framework/src/Illuminate/Routing/Router.php(821): Illuminate/Pipeline/Pipeline->then(Object(Closure))
#19 C:/Users/crown james/Downloads/daily-fade-dashboard-gold-redesign/backend/vendor/laravel/framework/src/Illuminate/Routing/Router.php(800): Illuminate/Routing/Router->runRouteWithinStack(Object(Illuminate/Routing/Route), Object(Illuminate/Http/Request))
#20 C:/Users/crown james/Downloads/daily-fade-dashboard-gold-redesign/backend/vendor/laravel/framework/src/Illuminate/Routing/Router.php(764): Illuminate/Routing/Router->runRoute(Object(Illuminate/Http/Request), Object(Illuminate/Routing/Route))
#21 C:/Users/crown james/Downloads/daily-fade-dashboard-gold-redesign/backend/vendor/laravel/framework/src/Illuminate/Routing/Router.php(753): Illuminate/Routing/Router->dispatchToRoute(Object(Illuminate/Http/Request))
#22 C:/Users/crown james/Downloads/daily-fade-dashboard-gold-redesign/backend/vendor/laravel/framework/src/Illuminate/Foundation/Http/Kernel.php(200): Illuminate/Routing/Router->dispatch(Object(Illuminate/Http/Request))
#23 C:/Users/crown james/Downloads/daily-fade-dashboard-gold-redesign/backend/vendor/laravel/framework/src/Illuminate/Pipeline/Pipeline.php(180): Illuminate/Foundation/Http/Kernel->{closure:Illuminate/Foundation/Http/Kernel::dispatchToRouter():197}(Object(Illuminate/Http/Request))
#24 C:/Users/crown james/Downloads/daily-fade-dashboard-gold-redesign/backend/vendor/laravel/framework/src/Illuminate/Foundation/Http/Middleware/TransformsRequest.php(21): Illuminate/Pipeline/Pipeline->{closure:Illuminate/Pipeline/Pipeline::prepareDestination():178}(Object(Illuminate/Http/Request))
#25 C:/Users/crown james/Downloads/daily-fade-dashboard-gold-redesign/backend/vendor/laravel/framework/src/Illuminate/Foundation/Http/Middleware/ConvertEmptyStringsToNull.php(31): Illuminate/Foundation/Http/Middleware/TransformsRequest->handle(Object(Illuminate/Http/Request), Object(Closure))
#26 C:/Users/crown james/Downloads/daily-fade-dashboard-gold-redesign/backend/vendor/laravel/framework/src/Illuminate/Pipeline/Pipeline.php(219): Illuminate/Foundation/Http/Middleware/ConvertEmptyStringsToNull->handle(Object(Illuminate/Http/Request), Object(Closure))
#27 C:/Users/crown james/Downloads/daily-fade-dashboard-gold-redesign/backend/vendor/laravel/framework/src/Illuminate/Foundation/Http/Middleware/TransformsRequest.php(21): Illuminate/Pipeline/Pipeline->{closure:{closure:Illuminate/Pipeline/Pipeline::carry():194}:195}(Object(Illuminate/Http/Request))
#28 C:/Users/crown james/Downloads/daily-fade-dashboard-gold-redesign/backend/vendor/laravel/framework/src/Illuminate/Foundation/Http/Middleware/TrimStrings.php(51): Illuminate/Foundation/Http/Middleware/TransformsRequest->handle(Object(Illuminate/Http/Request), Object(Closure))
#29 C:/Users/crown james/Downloads/daily-fade-dashboard-gold-redesign/backend/vendor/laravel/framework/src/Illuminate/Pipeline/Pipeline.php(219): Illuminate/Foundation/Http/Middleware/TrimStrings->handle(Object(Illuminate/Http/Request), Object(Closure))
#30 C:/Users/crown james/Downloads/daily-fade-dashboard-gold-redesign/backend/vendor/laravel/framework/src/Illuminate/Http/Middleware/ValidatePostSize.php(27): Illuminate/Pipeline/Pipeline->{closure:{closure:Illuminate/Pipeline/Pipeline::carry():194}:195}(Object(Illuminate/Http/Request))
#31 C:/Users/crown james/Downloads/daily-fade-dashboard-gold-redesign/backend/vendor/laravel/framework/src/Illuminate/Pipeline/Pipeline.php(219): Illuminate/Http/Middleware/ValidatePostSize->handle(Object(Illuminate/Http/Request), Object(Closure))
#32 C:/Users/crown james/Downloads/daily-fade-dashboard-gold-redesign/backend/vendor/laravel/framework/src/Illuminate/Foundation/Http/Middleware/PreventRequestsDuringMaintenance.php(109): Illuminate/Pipeline/Pipeline->{closure:{closure:Illuminate/Pipeline/Pipeline::carry():194}:195}(Object(Illuminate/Http/Request))
#33 C:/Users/crown james/Downloads/daily-fade-dashboard-gold-redesign/backend/vendor/laravel/framework/src/Illuminate/Pipeline/Pipeline.php(219): Illuminate/Foundation/Http/Middleware/PreventRequestsDuringMaintenance->handle(Object(Illuminate/Http/Request), Object(Closure))
#34 C:/Users/crown james/Downloads/daily-fade-dashboard-gold-redesign/backend/vendor/laravel/framework/src/Illuminate/Http/Middleware/HandleCors.php(74): Illuminate/Pipeline/Pipeline->{closure:{closure:Illuminate/Pipeline/Pipeline::carry():194}:195}(Object(Illuminate/Http/Request))
#35 C:/Users/crown james/Downloads/daily-fade-dashboard-gold-redesign/backend/vendor/laravel/framework/src/Illuminate/Pipeline/Pipeline.php(219): Illuminate/Http/Middleware/HandleCors->handle(Object(Illuminate/Http/Request), Object(Closure))
#36 C:/Users/crown james/Downloads/daily-fade-dashboard-gold-redesign/backend/vendor/laravel/framework/src/Illuminate/Http/Middleware/TrustProxies.php(58): Illuminate/Pipeline/Pipeline->{closure:{closure:Illuminate/Pipeline/Pipeline::carry():194}:195}(Object(Illuminate/Http/Request))
#37 C:/Users/crown james/Downloads/daily-fade-dashboard-gold-redesign/backend/vendor/laravel/framework/src/Illuminate/Pipeline/Pipeline.php(219): Illuminate/Http/Middleware/TrustProxies->handle(Object(Illuminate/Http/Request), Object(Closure))
#38 C:/Users/crown james/Downloads/daily-fade-dashboard-gold-redesign/backend/vendor/laravel/framework/src/Illuminate/Foundation/Http/Middleware/InvokeDeferredCallbacks.php(22): Illuminate/Pipeline/Pipeline->{closure:{closure:Illuminate/Pipeline/Pipeline::carry():194}:195}(Object(Illuminate/Http/Request))
#39 C:/Users/crown james/Downloads/daily-fade-dashboard-gold-redesign/backend/vendor/laravel/framework/src/Illuminate/Pipeline/Pipeline.php(219): Illuminate/Foundation/Http/Middleware/InvokeDeferredCallbacks->handle(Object(Illuminate/Http/Request), Object(Closure))
#40 C:/Users/crown james/Downloads/daily-fade-dashboard-gold-redesign/backend/vendor/laravel/framework/src/Illuminate/Http/Middleware/ValidatePathEncoding.php(28): Illuminate/Pipeline/Pipeline->{closure:{closure:Illuminate/Pipeline/Pipeline::carry():194}:195}(Object(Illuminate/Http/Request))
#41 C:/Users/crown james/Downloads/daily-fade-dashboard-gold-redesign/backend/vendor/laravel/framework/src/Illuminate/Pipeline/Pipeline.php(219): Illuminate/Http/Middleware/ValidatePathEncoding->handle(Object(Illuminate/Http/Request), Object(Closure))
#42 C:/Users/crown james/Downloads/daily-fade-dashboard-gold-redesign/backend/vendor/laravel/framework/src/Illuminate/Pipeline/Pipeline.php(137): Illuminate/Pipeline/Pipeline->{closure:{closure:Illuminate/Pipeline/Pipeline::carry():194}:195}(Object(Illuminate/Http/Request))
#43 C:/Users/crown james/Downloads/daily-fade-dashboard-gold-redesign/backend/vendor/laravel/framework/src/Illuminate/Foundation/Http/Kernel.php(175): Illuminate/Pipeline/Pipeline->then(Object(Closure))
#44 C:/Users/crown james/Downloads/daily-fade-dashboard-gold-redesign/backend/vendor/laravel/framework/src/Illuminate/Foundation/Http/Kernel.php(144): Illuminate/Foundation/Http/Kernel->sendRequestThroughRouter(Object(Illuminate/Http/Request))
#45 C:/Users/crown james/Downloads/daily-fade-dashboard-gold-redesign/backend/vendor/laravel/framework/src/Illuminate/Foundation/Application.php(1227): Illuminate/Foundation/Http/Kernel->handle(Object(Illuminate/Http/Request))
#46 C:/Users/crown james/Downloads/daily-fade-dashboard-gold-redesign/backend/public/index.php(20): Illuminate/Foundation/Application->handleRequest(Object(Illuminate/Http/Request))
#47 C:/Users/crown james/Downloads/daily-fade-dashboard-gold-redesign/backend/vendor/laravel/framework/src/Illuminate/Foundation/resources/server.php(23): require_once('C://Users//crown ...')
#48 {main}

[previous exception] [object] (PDOException(code: HY000): SQLSTATE[HY000]: General error: 1 ambiguous column name: status at C:/Users/crown james/Downloads/daily-fade-dashboard-gold-redesign/backend/vendor/laravel/framework/src/Illuminate/Database/Connection.php:435)
[stacktrace]
#0 C:/Users/crown james/Downloads/daily-fade-dashboard-gold-redesign/backend/vendor/laravel/framework/src/Illuminate/Database/Connection.php(435): PDO->prepare('select \"appoint...')
#1 C:/Users/crown james/Downloads/daily-fade-dashboard-gold-redesign/backend/vendor/laravel/framework/src/Illuminate/Database/Connection.php(846): Illuminate/Database/Connection->{closure:Illuminate/Database/Connection::select():426}('select \"appoint...', Array)
#2 C:/Users/crown james/Downloads/daily-fade-dashboard-gold-redesign/backend/vendor/laravel/framework/src/Illuminate/Database/Connection.php(813): Illuminate/Database/Connection->runQueryCallback('select \"appoint...', Array, Object(Closure))
#3 C:/Users/crown james/Downloads/daily-fade-dashboard-gold-redesign/backend/vendor/laravel/framework/src/Illuminate/Database/Connection.php(426): Illuminate/Database/Connection->run('select \"appoint...', Array, Object(Closure))
#4 C:/Users/crown james/Downloads/daily-fade-dashboard-gold-redesign/backend/vendor/laravel/framework/src/Illuminate/Database/Query/Builder.php(3573): Illuminate/Database/Connection->select('select \"appoint...', Array, true, Array)
#5 C:/Users/crown james/Downloads/daily-fade-dashboard-gold-redesign/backend/vendor/laravel/framework/src/Illuminate/Database/Query/Builder.php(3833): Illuminate/Database/Query/Builder->runSelect()
#6 C:/Users/crown james/Downloads/daily-fade-dashboard-gold-redesign/backend/vendor/laravel/framework/src/Illuminate/Database/Eloquent/Builder.php(1088): Illuminate/Database/Query/Builder->pluck('total', 'date')
#7 C:/Users/crown james/Downloads/daily-fade-dashboard-gold-redesign/backend/app/Http/Controllers/Api/Admin/DashboardController.php(51): Illuminate/Database/Eloquent/Builder->pluck('total', 'date')
#8 C:/Users/crown james/Downloads/daily-fade-dashboard-gold-redesign/backend/vendor/laravel/framework/src/Illuminate/Routing/ControllerDispatcher.php(46): App/Http/Controllers/Api/Admin/DashboardController->index(Object(Illuminate/Http/Request))
#9 C:/Users/crown james/Downloads/daily-fade-dashboard-gold-redesign/backend/vendor/laravel/framework/src/Illuminate/Routing/Route.php(276): Illuminate/Routing/ControllerDispatcher->dispatch(Object(Illuminate/Routing/Route), Object(App/Http/Controllers/Api/Admin/DashboardController), 'index')
#10 C:/Users/crown james/Downloads/daily-fade-dashboard-gold-redesign/backend/vendor/laravel/framework/src/Illuminate/Routing/Route.php(216): Illuminate/Routing/Route->runController()
#11 C:/Users/crown james/Downloads/daily-fade-dashboard-gold-redesign/backend/vendor/laravel/framework/src/Illuminate/Routing/Router.php(822): Illuminate/Routing/Route->run()
#12 C:/Users/crown james/Downloads/daily-fade-dashboard-gold-redesign/backend/vendor/laravel/framework/src/Illuminate/Pipeline/Pipeline.php(180): Illuminate/Routing/Router->{closure:Illuminate/Routing/Router::runRouteWithinStack():821}(Object(Illuminate/Http/Request))
#13 C:/Users/crown james/Downloads/daily-fade-dashboard-gold-redesign/backend/app/Http/Middleware/EnsureUserHasRole.php(24): Illuminate/Pipeline/Pipeline->{closure:Illuminate/Pipeline/Pipeline::prepareDestination():178}(Object(Illuminate/Http/Request))
#14 C:/Users/crown james/Downloads/daily-fade-dashboard-gold-redesign/backend/vendor/laravel/framework/src/Illuminate/Pipeline/Pipeline.php(219): App/Http/Middleware/EnsureUserHasRole->handle(Object(Illuminate/Http/Request), Object(Closure), 'admin')
#15 C:/Users/crown james/Downloads/daily-fade-dashboard-gold-redesign/backend/vendor/laravel/framework/src/Illuminate/Routing/Middleware/SubstituteBindings.php(52): Illuminate/Pipeline/Pipeline->{closure:{closure:Illuminate/Pipeline/Pipeline::carry():194}:195}(Object(Illuminate/Http/Request))
#16 C:/Users/crown james/Downloads/daily-fade-dashboard-gold-redesign/backend/vendor/laravel/framework/src/Illuminate/Pipeline/Pipeline.php(219): Illuminate/Routing/Middleware/SubstituteBindings->handle(Object(Illuminate/Http/Request), Object(Closure))
#17 C:/Users/crown james/Downloads/daily-fade-dashboard-gold-redesign/backend/vendor/laravel/framework/src/Illuminate/Auth/Middleware/Authenticate.php(63): Illuminate/Pipeline/Pipeline->{closure:{closure:Illuminate/Pipeline/Pipeline::carry():194}:195}(Object(Illuminate/Http/Request))
#18 C:/Users/crown james/Downloads/daily-fade-dashboard-gold-redesign/backend/vendor/laravel/framework/src/Illuminate/Pipeline/Pipeline.php(219): Illuminate/Auth/Middleware/Authenticate->handle(Object(Illuminate/Http/Request), Object(Closure), 'sanctum')
#19 C:/Users/crown james/Downloads/daily-fade-dashboard-gold-redesign/backend/vendor/laravel/framework/src/Illuminate/Pipeline/Pipeline.php(137): Illuminate/Pipeline/Pipeline->{closure:{closure:Illuminate/Pipeline/Pipeline::carry():194}:195}(Object(Illuminate/Http/Request))
#20 C:/Users/crown james/Downloads/daily-fade-dashboard-gold-redesign/backend/vendor/laravel/framework/src/Illuminate/Routing/Router.php(821): Illuminate/Pipeline/Pipeline->then(Object(Closure))
#21 C:/Users/crown james/Downloads/daily-fade-dashboard-gold-redesign/backend/vendor/laravel/framework/src/Illuminate/Routing/Router.php(800): Illuminate/Routing/Router->runRouteWithinStack(Object(Illuminate/Routing/Route), Object(Illuminate/Http/Request))
#22 C:/Users/crown james/Downloads/daily-fade-dashboard-gold-redesign/backend/vendor/laravel/framework/src/Illuminate/Routing/Router.php(764): Illuminate/Routing/Router->runRoute(Object(Illuminate/Http/Request), Object(Illuminate/Routing/Route))
#23 C:/Users/crown james/Downloads/daily-fade-dashboard-gold-redesign/backend/vendor/laravel/framework/src/Illuminate/Routing/Router.php(753): Illuminate/Routing/Router->dispatchToRoute(Object(Illuminate/Http/Request))
#24 C:/Users/crown james/Downloads/daily-fade-dashboard-gold-redesign/backend/vendor/laravel/framework/src/Illuminate/Foundation/Http/Kernel.php(200): Illuminate/Routing/Router->dispatch(Object(Illuminate/Http/Request))
#25 C:/Users/crown james/Downloads/daily-fade-dashboard-gold-redesign/backend/vendor/laravel/framework/src/Illuminate/Pipeline/Pipeline.php(180): Illuminate/Foundation/Http/Kernel->{closure:Illuminate/Foundation/Http/Kernel::dispatchToRouter():197}(Object(Illuminate/Http/Request))
#26 C:/Users/crown james/Downloads/daily-fade-dashboard-gold-redesign/backend/vendor/laravel/framework/src/Illuminate/Foundation/Http/Middleware/TransformsRequest.php(21): Illuminate/Pipeline/Pipeline->{closure:Illuminate/Pipeline/Pipeline::prepareDestination():178}(Object(Illuminate/Http/Request))
#27 C:/Users/crown james/Downloads/daily-fade-dashboard-gold-redesign/backend/vendor/laravel/framework/src/Illuminate/Foundation/Http/Middleware/ConvertEmptyStringsToNull.php(31): Illuminate/Foundation/Http/Middleware/TransformsRequest->handle(Object(Illuminate/Http/Request), Object(Closure))
#28 C:/Users/crown james/Downloads/daily-fade-dashboard-gold-redesign/backend/vendor/laravel/framework/src/Illuminate/Pipeline/Pipeline.php(219): Illuminate/Foundation/Http/Middleware/ConvertEmptyStringsToNull->handle(Object(Illuminate/Http/Request), Object(Closure))
#29 C:/Users/crown james/Downloads/daily-fade-dashboard-gold-redesign/backend/vendor/laravel/framework/src/Illuminate/Foundation/Http/Middleware/TransformsRequest.php(21): Illuminate/Pipeline/Pipeline->{closure:{closure:Illuminate/Pipeline/Pipeline::carry():194}:195}(Object(Illuminate/Http/Request))
#30 C:/Users/crown james/Downloads/daily-fade-dashboard-gold-redesign/backend/vendor/laravel/framework/src/Illuminate/Foundation/Http/Middleware/TrimStrings.php(51): Illuminate/Foundation/Http/Middleware/TransformsRequest->handle(Object(Illuminate/Http/Request), Object(Closure))
#31 C:/Users/crown james/Downloads/daily-fade-dashboard-gold-redesign/backend/vendor/laravel/framework/src/Illuminate/Pipeline/Pipeline.php(219): Illuminate/Foundation/Http/Middleware/TrimStrings->handle(Object(Illuminate/Http/Request), Object(Closure))
#32 C:/Users/crown james/Downloads/daily-fade-dashboard-gold-redesign/backend/vendor/laravel/framework/src/Illuminate/Http/Middleware/ValidatePostSize.php(27): Illuminate/Pipeline/Pipeline->{closure:{closure:Illuminate/Pipeline/Pipeline::carry():194}:195}(Object(Illuminate/Http/Request))
#33 C:/Users/crown james/Downloads/daily-fade-dashboard-gold-redesign/backend/vendor/laravel/framework/src/Illuminate/Pipeline/Pipeline.php(219): Illuminate/Http/Middleware/ValidatePostSize->handle(Object(Illuminate/Http/Request), Object(Closure))
#34 C:/Users/crown james/Downloads/daily-fade-dashboard-gold-redesign/backend/vendor/laravel/framework/src/Illuminate/Foundation/Http/Middleware/PreventRequestsDuringMaintenance.php(109): Illuminate/Pipeline/Pipeline->{closure:{closure:Illuminate/Pipeline/Pipeline::carry():194}:195}(Object(Illuminate/Http/Request))
#35 C:/Users/crown james/Downloads/daily-fade-dashboard-gold-redesign/backend/vendor/laravel/framework/src/Illuminate/Pipeline/Pipeline.php(219): Illuminate/Foundation/Http/Middleware/PreventRequestsDuringMaintenance->handle(Object(Illuminate/Http/Request), Object(Closure))
#36 C:/Users/crown james/Downloads/daily-fade-dashboard-gold-redesign/backend/vendor/laravel/framework/src/Illuminate/Http/Middleware/HandleCors.php(74): Illuminate/Pipeline/Pipeline->{closure:{closure:Illuminate/Pipeline/Pipeline::carry():194}:195}(Object(Illuminate/Http/Request))
#37 C:/Users/crown james/Downloads/daily-fade-dashboard-gold-redesign/backend/vendor/laravel/framework/src/Illuminate/Pipeline/Pipeline.php(219): Illuminate/Http/Middleware/HandleCors->handle(Object(Illuminate/Http/Request), Object(Closure))
#38 C:/Users/crown james/Downloads/daily-fade-dashboard-gold-redesign/backend/vendor/laravel/framework/src/Illuminate/Http/Middleware/TrustProxies.php(58): Illuminate/Pipeline/Pipeline->{closure:{closure:Illuminate/Pipeline/Pipeline::carry():194}:195}(Object(Illuminate/Http/Request))
#39 C:/Users/crown james/Downloads/daily-fade-dashboard-gold-redesign/backend/vendor/laravel/framework/src/Illuminate/Pipeline/Pipeline.php(219): Illuminate/Http/Middleware/TrustProxies->handle(Object(Illuminate/Http/Request), Object(Closure))
#40 C:/Users/crown james/Downloads/daily-fade-dashboard-gold-redesign/backend/vendor/laravel/framework/src/Illuminate/Foundation/Http/Middleware/InvokeDeferredCallbacks.php(22): Illuminate/Pipeline/Pipeline->{closure:{closure:Illuminate/Pipeline/Pipeline::carry():194}:195}(Object(Illuminate/Http/Request))
#41 C:/Users/crown james/Downloads/daily-fade-dashboard-gold-redesign/backend/vendor/laravel/framework/src/Illuminate/Pipeline/Pipeline.php(219): Illuminate/Foundation/Http/Middleware/InvokeDeferredCallbacks->handle(Object(Illuminate/Http/Request), Object(Closure))
#42 C:/Users/crown james/Downloads/daily-fade-dashboard-gold-redesign/backend/vendor/laravel/framework/src/Illuminate/Http/Middleware/ValidatePathEncoding.php(28): Illuminate/Pipeline/Pipeline->{closure:{closure:Illuminate/Pipeline/Pipeline::carry():194}:195}(Object(Illuminate/Http/Request))
#43 C:/Users/crown james/Downloads/daily-fade-dashboard-gold-redesign/backend/vendor/laravel/framework/src/Illuminate/Pipeline/Pipeline.php(219): Illuminate/Http/Middleware/ValidatePathEncoding->handle(Object(Illuminate/Http/Request), Object(Closure))
#44 C:/Users/crown james/Downloads/daily-fade-dashboard-gold-redesign/backend/vendor/laravel/framework/src/Illuminate/Pipeline/Pipeline.php(137): Illuminate/Pipeline/Pipeline->{closure:{closure:Illuminate/Pipeline/Pipeline::carry():194}:195}(Object(Illuminate/Http/Request))
#45 C:/Users/crown james/Downloads/daily-fade-dashboard-gold-redesign/backend/vendor/laravel/framework/src/Illuminate/Foundation/Http/Kernel.php(175): Illuminate/Pipeline/Pipeline->then(Object(Closure))
#46 C:/Users/crown james/Downloads/daily-fade-dashboard-gold-redesign/backend/vendor/laravel/framework/src/Illuminate/Foundation/Http/Kernel.php(144): Illuminate/Foundation/Http/Kernel->sendRequestThroughRouter(Object(Illuminate/Http/Request))
#47 C:/Users/crown james/Downloads/daily-fade-dashboard-gold-redesign/backend/vendor/laravel/framework/src/Illuminate/Foundation/Application.php(1227): Illuminate/Foundation/Http/Kernel->handle(Object(Illuminate/Http/Request))
#48 C:/Users/crown james/Downloads/daily-fade-dashboard-gold-redesign/backend/public/index.php(20): Illuminate/Foundation/Application->handleRequest(Object(Illuminate/Http/Request))
#49 C:/Users/crown james/Downloads/daily-fade-dashboard-gold-redesign/backend/vendor/laravel/framework/src/Illuminate/Foundation/resources/server.php(23): require_once('C://Users//crown ...')
#50 {main}
"} 
[2026-08-16 05:28:24] local.ERROR: SQLSTATE[HY000]: General error: 1 ambiguous column name: status (Connection: sqlite, Database: C:\Users\crown james\Downloads\daily-fade-dashboard-gold-redesign\backend\database\database.sqlite, SQL: select "appointments"."appointment_date" as "date", sum(payments.amount) as total from "payments" inner join "appointments" on "appointments"."id" = "payments"."appointment_id" where exists (select * from "appointments" where "payments"."appointment_id" = "appointments"."id" and "appointment_date" between 2026-08-10 00:00:00 and 2026-08-16 23:59:59) and "status" = paid group by "appointments"."appointment_date") {"userId":1,"exception":"[object] (Illuminate\\Database\\QueryException(code: HY000): SQLSTATE[HY000]: General error: 1 ambiguous column name: status (Connection: sqlite, Database: C:\\Users\\crown james\\Downloads\\daily-fade-dashboard-gold-redesign\\backend\\database\\database.sqlite, SQL: select \"appointments\".\"appointment_date\" as \"date\", sum(payments.amount) as total from \"payments\" inner join \"appointments\" on \"appointments\".\"id\" = \"payments\".\"appointment_id\" where exists (select * from \"appointments\" where \"payments\".\"appointment_id\" = \"appointments\".\"id\" and \"appointment_date\" between 2026-08-10 00:00:00 and 2026-08-16 23:59:59) and \"status\" = paid group by \"appointments\".\"appointment_date\") at C:/Users/crown james/Downloads/daily-fade-dashboard-gold-redesign/backend/vendor/laravel/framework/src/Illuminate/Database/Connection.php:857)
[stacktrace]
#0 C:/Users/crown james/Downloads/daily-fade-dashboard-gold-redesign/backend/vendor/laravel/framework/src/Illuminate/Database/Connection.php(813): Illuminate/Database/Connection->runQueryCallback('select \"appoint...', Array, Object(Closure))
#1 C:/Users/crown james/Downloads/daily-fade-dashboard-gold-redesign/backend/vendor/laravel/framework/src/Illuminate/Database/Connection.php(426): Illuminate/Database/Connection->run('select \"appoint...', Array, Object(Closure))
#2 C:/Users/crown james/Downloads/daily-fade-dashboard-gold-redesign/backend/vendor/laravel/framework/src/Illuminate/Database/Query/Builder.php(3573): Illuminate/Database/Connection->select('select \"appoint...', Array, true, Array)
#3 C:/Users/crown james/Downloads/daily-fade-dashboard-gold-redesign/backend/vendor/laravel/framework/src/Illuminate/Database/Query/Builder.php(3833): Illuminate/Database/Query/Builder->runSelect()
#4 C:/Users/crown james/Downloads/daily-fade-dashboard-gold-redesign/backend/vendor/laravel/framework/src/Illuminate/Database/Eloquent/Builder.php(1088): Illuminate/Database/Query/Builder->pluck('total', 'date')
#5 C:/Users/crown james/Downloads/daily-fade-dashboard-gold-redesign/backend/app/Http/Controllers/Api/Admin/DashboardController.php(51): Illuminate/Database/Eloquent/Builder->pluck('total', 'date')
#6 C:/Users/crown james/Downloads/daily-fade-dashboard-gold-redesign/backend/vendor/laravel/framework/src/Illuminate/Routing/ControllerDispatcher.php(46): App/Http/Controllers/Api/Admin/DashboardController->index(Object(Illuminate/Http/Request))
#7 C:/Users/crown james/Downloads/daily-fade-dashboard-gold-redesign/backend/vendor/laravel/framework/src/Illuminate/Routing/Route.php(276): Illuminate/Routing/ControllerDispatcher->dispatch(Object(Illuminate/Routing/Route), Object(App/Http/Controllers/Api/Admin/DashboardController), 'index')
#8 C:/Users/crown james/Downloads/daily-fade-dashboard-gold-redesign/backend/vendor/laravel/framework/src/Illuminate/Routing/Route.php(216): Illuminate/Routing/Route->runController()
#9 C:/Users/crown james/Downloads/daily-fade-dashboard-gold-redesign/backend/vendor/laravel/framework/src/Illuminate/Routing/Router.php(822): Illuminate/Routing/Route->run()
#10 C:/Users/crown james/Downloads/daily-fade-dashboard-gold-redesign/backend/vendor/laravel/framework/src/Illuminate/Pipeline/Pipeline.php(180): Illuminate/Routing/Router->{closure:Illuminate/Routing/Router::runRouteWithinStack():821}(Object(Illuminate/Http/Request))
#11 C:/Users/crown james/Downloads/daily-fade-dashboard-gold-redesign/backend/app/Http/Middleware/EnsureUserHasRole.php(24): Illuminate/Pipeline/Pipeline->{closure:Illuminate/Pipeline/Pipeline::prepareDestination():178}(Object(Illuminate/Http/Request))
#12 C:/Users/crown james/Downloads/daily-fade-dashboard-gold-redesign/backend/vendor/laravel/framework/src/Illuminate/Pipeline/Pipeline.php(219): App/Http/Middleware/EnsureUserHasRole->handle(Object(Illuminate/Http/Request), Object(Closure), 'admin')
#13 C:/Users/crown james/Downloads/daily-fade-dashboard-gold-redesign/backend/vendor/laravel/framework/src/Illuminate/Routing/Middleware/SubstituteBindings.php(52): Illuminate/Pipeline/Pipeline->{closure:{closure:Illuminate/Pipeline/Pipeline::carry():194}:195}(Object(Illuminate/Http/Request))
#14 C:/Users/crown james/Downloads/daily-fade-dashboard-gold-redesign/backend/vendor/laravel/framework/src/Illuminate/Pipeline/Pipeline.php(219): Illuminate/Routing/Middleware/SubstituteBindings->handle(Object(Illuminate/Http/Request), Object(Closure))
#15 C:/Users/crown james/Downloads/daily-fade-dashboard-gold-redesign/backend/vendor/laravel/framework/src/Illuminate/Auth/Middleware/Authenticate.php(63): Illuminate/Pipeline/Pipeline->{closure:{closure:Illuminate/Pipeline/Pipeline::carry():194}:195}(Object(Illuminate/Http/Request))
#16 C:/Users/crown james/Downloads/daily-fade-dashboard-gold-redesign/backend/vendor/laravel/framework/src/Illuminate/Pipeline/Pipeline.php(219): Illuminate/Auth/Middleware/Authenticate->handle(Object(Illuminate/Http/Request), Object(Closure), 'sanctum')
#17 C:/Users/crown james/Downloads/daily-fade-dashboard-gold-redesign/backend/vendor/laravel/framework/src/Illuminate/Pipeline/Pipeline.php(137): Illuminate/Pipeline/Pipeline->{closure:{closure:Illuminate/Pipeline/Pipeline::carry():194}:195}(Object(Illuminate/Http/Request))
#18 C:/Users/crown james/Downloads/daily-fade-dashboard-gold-redesign/backend/vendor/laravel/framework/src/Illuminate/Routing/Router.php(821): Illuminate/Pipeline/Pipeline->then(Object(Closure))
#19 C:/Users/crown james/Downloads/daily-fade-dashboard-gold-redesign/backend/vendor/laravel/framework/src/Illuminate/Routing/Router.php(800): Illuminate/Routing/Router->runRouteWithinStack(Object(Illuminate/Routing/Route), Object(Illuminate/Http/Request))
#20 C:/Users/crown james/Downloads/daily-fade-dashboard-gold-redesign/backend/vendor/laravel/framework/src/Illuminate/Routing/Router.php(764): Illuminate/Routing/Router->runRoute(Object(Illuminate/Http/Request), Object(Illuminate/Routing/Route))
#21 C:/Users/crown james/Downloads/daily-fade-dashboard-gold-redesign/backend/vendor/laravel/framework/src/Illuminate/Routing/Router.php(753): Illuminate/Routing/Router->dispatchToRoute(Object(Illuminate/Http/Request))
#22 C:/Users/crown james/Downloads/daily-fade-dashboard-gold-redesign/backend/vendor/laravel/framework/src/Illuminate/Foundation/Http/Kernel.php(200): Illuminate/Routing/Router->dispatch(Object(Illuminate/Http/Request))
#23 C:/Users/crown james/Downloads/daily-fade-dashboard-gold-redesign/backend/vendor/laravel/framework/src/Illuminate/Pipeline/Pipeline.php(180): Illuminate/Foundation/Http/Kernel->{closure:Illuminate/Foundation/Http/Kernel::dispatchToRouter():197}(Object(Illuminate/Http/Request))
#24 C:/Users/crown james/Downloads/daily-fade-dashboard-gold-redesign/backend/vendor/laravel/framework/src/Illuminate/Foundation/Http/Middleware/TransformsRequest.php(21): Illuminate/Pipeline/Pipeline->{closure:Illuminate/Pipeline/Pipeline::prepareDestination():178}(Object(Illuminate/Http/Request))
#25 C:/Users/crown james/Downloads/daily-fade-dashboard-gold-redesign/backend/vendor/laravel/framework/src/Illuminate/Foundation/Http/Middleware/ConvertEmptyStringsToNull.php(31): Illuminate/Foundation/Http/Middleware/TransformsRequest->handle(Object(Illuminate/Http/Request), Object(Closure))
#26 C:/Users/crown james/Downloads/daily-fade-dashboard-gold-redesign/backend/vendor/laravel/framework/src/Illuminate/Pipeline/Pipeline.php(219): Illuminate/Foundation/Http/Middleware/ConvertEmptyStringsToNull->handle(Object(Illuminate/Http/Request), Object(Closure))
#27 C:/Users/crown james/Downloads/daily-fade-dashboard-gold-redesign/backend/vendor/laravel/framework/src/Illuminate/Foundation/Http/Middleware/TransformsRequest.php(21): Illuminate/Pipeline/Pipeline->{closure:{closure:Illuminate/Pipeline/Pipeline::carry():194}:195}(Object(Illuminate/Http/Request))
#28 C:/Users/crown james/Downloads/daily-fade-dashboard-gold-redesign/backend/vendor/laravel/framework/src/Illuminate/Foundation/Http/Middleware/TrimStrings.php(51): Illuminate/Foundation/Http/Middleware/TransformsRequest->handle(Object(Illuminate/Http/Request), Object(Closure))
#29 C:/Users/crown james/Downloads/daily-fade-dashboard-gold-redesign/backend/vendor/laravel/framework/src/Illuminate/Pipeline/Pipeline.php(219): Illuminate/Foundation/Http/Middleware/TrimStrings->handle(Object(Illuminate/Http/Request), Object(Closure))
#30 C:/Users/crown james/Downloads/daily-fade-dashboard-gold-redesign/backend/vendor/laravel/framework/src/Illuminate/Http/Middleware/ValidatePostSize.php(27): Illuminate/Pipeline/Pipeline->{closure:{closure:Illuminate/Pipeline/Pipeline::carry():194}:195}(Object(Illuminate/Http/Request))
#31 C:/Users/crown james/Downloads/daily-fade-dashboard-gold-redesign/backend/vendor/laravel/framework/src/Illuminate/Pipeline/Pipeline.php(219): Illuminate/Http/Middleware/ValidatePostSize->handle(Object(Illuminate/Http/Request), Object(Closure))
#32 C:/Users/crown james/Downloads/daily-fade-dashboard-gold-redesign/backend/vendor/laravel/framework/src/Illuminate/Foundation/Http/Middleware/PreventRequestsDuringMaintenance.php(109): Illuminate/Pipeline/Pipeline->{closure:{closure:Illuminate/Pipeline/Pipeline::carry():194}:195}(Object(Illuminate/Http/Request))
#33 C:/Users/crown james/Downloads/daily-fade-dashboard-gold-redesign/backend/vendor/laravel/framework/src/Illuminate/Pipeline/Pipeline.php(219): Illuminate/Foundation/Http/Middleware/PreventRequestsDuringMaintenance->handle(Object(Illuminate/Http/Request), Object(Closure))
#34 C:/Users/crown james/Downloads/daily-fade-dashboard-gold-redesign/backend/vendor/laravel/framework/src/Illuminate/Http/Middleware/HandleCors.php(74): Illuminate/Pipeline/Pipeline->{closure:{closure:Illuminate/Pipeline/Pipeline::carry():194}:195}(Object(Illuminate/Http/Request))
#35 C:/Users/crown james/Downloads/daily-fade-dashboard-gold-redesign/backend/vendor/laravel/framework/src/Illuminate/Pipeline/Pipeline.php(219): Illuminate/Http/Middleware/HandleCors->handle(Object(Illuminate/Http/Request), Object(Closure))
#36 C:/Users/crown james/Downloads/daily-fade-dashboard-gold-redesign/backend/vendor/laravel/framework/src/Illuminate/Http/Middleware/TrustProxies.php(58): Illuminate/Pipeline/Pipeline->{closure:{closure:Illuminate/Pipeline/Pipeline::carry():194}:195}(Object(Illuminate/Http/Request))
#37 C:/Users/crown james/Downloads/daily-fade-dashboard-gold-redesign/backend/vendor/laravel/framework/src/Illuminate/Pipeline/Pipeline.php(219): Illuminate/Http/Middleware/TrustProxies->handle(Object(Illuminate/Http/Request), Object(Closure))
#38 C:/Users/crown james/Downloads/daily-fade-dashboard-gold-redesign/backend/vendor/laravel/framework/src/Illuminate/Foundation/Http/Middleware/InvokeDeferredCallbacks.php(22): Illuminate/Pipeline/Pipeline->{closure:{closure:Illuminate/Pipeline/Pipeline::carry():194}:195}(Object(Illuminate/Http/Request))
#39 C:/Users/crown james/Downloads/daily-fade-dashboard-gold-redesign/backend/vendor/laravel/framework/src/Illuminate/Pipeline/Pipeline.php(219): Illuminate/Foundation/Http/Middleware/InvokeDeferredCallbacks->handle(Object(Illuminate/Http/Request), Object(Closure))
#40 C:/Users/crown james/Downloads/daily-fade-dashboard-gold-redesign/backend/vendor/laravel/framework/src/Illuminate/Http/Middleware/ValidatePathEncoding.php(28): Illuminate/Pipeline/Pipeline->{closure:{closure:Illuminate/Pipeline/Pipeline::carry():194}:195}(Object(Illuminate/Http/Request))
#41 C:/Users/crown james/Downloads/daily-fade-dashboard-gold-redesign/backend/vendor/laravel/framework/src/Illuminate/Pipeline/Pipeline.php(219): Illuminate/Http/Middleware/ValidatePathEncoding->handle(Object(Illuminate/Http/Request), Object(Closure))
#42 C:/Users/crown james/Downloads/daily-fade-dashboard-gold-redesign/backend/vendor/laravel/framework/src/Illuminate/Pipeline/Pipeline.php(137): Illuminate/Pipeline/Pipeline->{closure:{closure:Illuminate/Pipeline/Pipeline::carry():194}:195}(Object(Illuminate/Http/Request))
#43 C:/Users/crown james/Downloads/daily-fade-dashboard-gold-redesign/backend/vendor/laravel/framework/src/Illuminate/Foundation/Http/Kernel.php(175): Illuminate/Pipeline/Pipeline->then(Object(Closure))
#44 C:/Users/crown james/Downloads/daily-fade-dashboard-gold-redesign/backend/vendor/laravel/framework/src/Illuminate/Foundation/Http/Kernel.php(144): Illuminate/Foundation/Http/Kernel->sendRequestThroughRouter(Object(Illuminate/Http/Request))
#45 C:/Users/crown james/Downloads/daily-fade-dashboard-gold-redesign/backend/vendor/laravel/framework/src/Illuminate/Foundation/Application.php(1227): Illuminate/Foundation/Http/Kernel->handle(Object(Illuminate/Http/Request))
#46 C:/Users/crown james/Downloads/daily-fade-dashboard-gold-redesign/backend/public/index.php(20): Illuminate/Foundation/Application->handleRequest(Object(Illuminate/Http/Request))
#47 C:/Users/crown james/Downloads/daily-fade-dashboard-gold-redesign/backend/vendor/laravel/framework/src/Illuminate/Foundation/resources/server.php(23): require_once('C://Users//crown ...')
#48 {main}

[previous exception] [object] (PDOException(code: HY000): SQLSTATE[HY000]: General error: 1 ambiguous column name: status at C:/Users/crown james/Downloads/daily-fade-dashboard-gold-redesign/backend/vendor/laravel/framework/src/Illuminate/Database/Connection.php:435)
[stacktrace]
#0 C:/Users/crown james/Downloads/daily-fade-dashboard-gold-redesign/backend/vendor/laravel/framework/src/Illuminate/Database/Connection.php(435): PDO->prepare('select \"appoint...')
#1 C:/Users/crown james/Downloads/daily-fade-dashboard-gold-redesign/backend/vendor/laravel/framework/src/Illuminate/Database/Connection.php(846): Illuminate/Database/Connection->{closure:Illuminate/Database/Connection::select():426}('select \"appoint...', Array)
#2 C:/Users/crown james/Downloads/daily-fade-dashboard-gold-redesign/backend/vendor/laravel/framework/src/Illuminate/Database/Connection.php(813): Illuminate/Database/Connection->runQueryCallback('select \"appoint...', Array, Object(Closure))
#3 C:/Users/crown james/Downloads/daily-fade-dashboard-gold-redesign/backend/vendor/laravel/framework/src/Illuminate/Database/Connection.php(426): Illuminate/Database/Connection->run('select \"appoint...', Array, Object(Closure))
#4 C:/Users/crown james/Downloads/daily-fade-dashboard-gold-redesign/backend/vendor/laravel/framework/src/Illuminate/Database/Query/Builder.php(3573): Illuminate/Database/Connection->select('select \"appoint...', Array, true, Array)
#5 C:/Users/crown james/Downloads/daily-fade-dashboard-gold-redesign/backend/vendor/laravel/framework/src/Illuminate/Database/Query/Builder.php(3833): Illuminate/Database/Query/Builder->runSelect()
#6 C:/Users/crown james/Downloads/daily-fade-dashboard-gold-redesign/backend/vendor/laravel/framework/src/Illuminate/Database/Eloquent/Builder.php(1088): Illuminate/Database/Query/Builder->pluck('total', 'date')
#7 C:/Users/crown james/Downloads/daily-fade-dashboard-gold-redesign/backend/app/Http/Controllers/Api/Admin/DashboardController.php(51): Illuminate/Database/Eloquent/Builder->pluck('total', 'date')
#8 C:/Users/crown james/Downloads/daily-fade-dashboard-gold-redesign/backend/vendor/laravel/framework/src/Illuminate/Routing/ControllerDispatcher.php(46): App/Http/Controllers/Api/Admin/DashboardController->index(Object(Illuminate/Http/Request))
#9 C:/Users/crown james/Downloads/daily-fade-dashboard-gold-redesign/backend/vendor/laravel/framework/src/Illuminate/Routing/Route.php(276): Illuminate/Routing/ControllerDispatcher->dispatch(Object(Illuminate/Routing/Route), Object(App/Http/Controllers/Api/Admin/DashboardController), 'index')
#10 C:/Users/crown james/Downloads/daily-fade-dashboard-gold-redesign/backend/vendor/laravel/framework/src/Illuminate/Routing/Route.php(216): Illuminate/Routing/Route->runController()
#11 C:/Users/crown james/Downloads/daily-fade-dashboard-gold-redesign/backend/vendor/laravel/framework/src/Illuminate/Routing/Router.php(822): Illuminate/Routing/Route->run()
#12 C:/Users/crown james/Downloads/daily-fade-dashboard-gold-redesign/backend/vendor/laravel/framework/src/Illuminate/Pipeline/Pipeline.php(180): Illuminate/Routing/Router->{closure:Illuminate/Routing/Router::runRouteWithinStack():821}(Object(Illuminate/Http/Request))
#13 C:/Users/crown james/Downloads/daily-fade-dashboard-gold-redesign/backend/app/Http/Middleware/EnsureUserHasRole.php(24): Illuminate/Pipeline/Pipeline->{closure:Illuminate/Pipeline/Pipeline::prepareDestination():178}(Object(Illuminate/Http/Request))
#14 C:/Users/crown james/Downloads/daily-fade-dashboard-gold-redesign/backend/vendor/laravel/framework/src/Illuminate/Pipeline/Pipeline.php(219): App/Http/Middleware/EnsureUserHasRole->handle(Object(Illuminate/Http/Request), Object(Closure), 'admin')
#15 C:/Users/crown james/Downloads/daily-fade-dashboard-gold-redesign/backend/vendor/laravel/framework/src/Illuminate/Routing/Middleware/SubstituteBindings.php(52): Illuminate/Pipeline/Pipeline->{closure:{closure:Illuminate/Pipeline/Pipeline::carry():194}:195}(Object(Illuminate/Http/Request))
#16 C:/Users/crown james/Downloads/daily-fade-dashboard-gold-redesign/backend/vendor/laravel/framework/src/Illuminate/Pipeline/Pipeline.php(219): Illuminate/Routing/Middleware/SubstituteBindings->handle(Object(Illuminate/Http/Request), Object(Closure))
#17 C:/Users/crown james/Downloads/daily-fade-dashboard-gold-redesign/backend/vendor/laravel/framework/src/Illuminate/Auth/Middleware/Authenticate.php(63): Illuminate/Pipeline/Pipeline->{closure:{closure:Illuminate/Pipeline/Pipeline::carry():194}:195}(Object(Illuminate/Http/Request))
#18 C:/Users/crown james/Downloads/daily-fade-dashboard-gold-redesign/backend/vendor/laravel/framework/src/Illuminate/Pipeline/Pipeline.php(219): Illuminate/Auth/Middleware/Authenticate->handle(Object(Illuminate/Http/Request), Object(Closure), 'sanctum')
#19 C:/Users/crown james/Downloads/daily-fade-dashboard-gold-redesign/backend/vendor/laravel/framework/src/Illuminate/Pipeline/Pipeline.php(137): Illuminate/Pipeline/Pipeline->{closure:{closure:Illuminate/Pipeline/Pipeline::carry():194}:195}(Object(Illuminate/Http/Request))
#20 C:/Users/crown james/Downloads/daily-fade-dashboard-gold-redesign/backend/vendor/laravel/framework/src/Illuminate/Routing/Router.php(821): Illuminate/Pipeline/Pipeline->then(Object(Closure))
#21 C:/Users/crown james/Downloads/daily-fade-dashboard-gold-redesign/backend/vendor/laravel/framework/src/Illuminate/Routing/Router.php(800): Illuminate/Routing/Router->runRouteWithinStack(Object(Illuminate/Routing/Route), Object(Illuminate/Http/Request))
#22 C:/Users/crown james/Downloads/daily-fade-dashboard-gold-redesign/backend/vendor/laravel/framework/src/Illuminate/Routing/Router.php(764): Illuminate/Routing/Router->runRoute(Object(Illuminate/Http/Request), Object(Illuminate/Routing/Route))
#23 C:/Users/crown james/Downloads/daily-fade-dashboard-gold-redesign/backend/vendor/laravel/framework/src/Illuminate/Routing/Router.php(753): Illuminate/Routing/Router->dispatchToRoute(Object(Illuminate/Http/Request))
#24 C:/Users/crown james/Downloads/daily-fade-dashboard-gold-redesign/backend/vendor/laravel/framework/src/Illuminate/Foundation/Http/Kernel.php(200): Illuminate/Routing/Router->dispatch(Object(Illuminate/Http/Request))
#25 C:/Users/crown james/Downloads/daily-fade-dashboard-gold-redesign/backend/vendor/laravel/framework/src/Illuminate/Pipeline/Pipeline.php(180): Illuminate/Foundation/Http/Kernel->{closure:Illuminate/Foundation/Http/Kernel::dispatchToRouter():197}(Object(Illuminate/Http/Request))
#26 C:/Users/crown james/Downloads/daily-fade-dashboard-gold-redesign/backend/vendor/laravel/framework/src/Illuminate/Foundation/Http/Middleware/TransformsRequest.php(21): Illuminate/Pipeline/Pipeline->{closure:Illuminate/Pipeline/Pipeline::prepareDestination():178}(Object(Illuminate/Http/Request))
#27 C:/Users/crown james/Downloads/daily-fade-dashboard-gold-redesign/backend/vendor/laravel/framework/src/Illuminate/Foundation/Http/Middleware/ConvertEmptyStringsToNull.php(31): Illuminate/Foundation/Http/Middleware/TransformsRequest->handle(Object(Illuminate/Http/Request), Object(Closure))
#28 C:/Users/crown james/Downloads/daily-fade-dashboard-gold-redesign/backend/vendor/laravel/framework/src/Illuminate/Pipeline/Pipeline.php(219): Illuminate/Foundation/Http/Middleware/ConvertEmptyStringsToNull->handle(Object(Illuminate/Http/Request), Object(Closure))
#29 C:/Users/crown james/Downloads/daily-fade-dashboard-gold-redesign/backend/vendor/laravel/framework/src/Illuminate/Foundation/Http/Middleware/TransformsRequest.php(21): Illuminate/Pipeline/Pipeline->{closure:{closure:Illuminate/Pipeline/Pipeline::carry():194}:195}(Object(Illuminate/Http/Request))
#30 C:/Users/crown james/Downloads/daily-fade-dashboard-gold-redesign/backend/vendor/laravel/framework/src/Illuminate/Foundation/Http/Middleware/TrimStrings.php(51): Illuminate/Foundation/Http/Middleware/TransformsRequest->handle(Object(Illuminate/Http/Request), Object(Closure))
#31 C:/Users/crown james/Downloads/daily-fade-dashboard-gold-redesign/backend/vendor/laravel/framework/src/Illuminate/Pipeline/Pipeline.php(219): Illuminate/Foundation/Http/Middleware/TrimStrings->handle(Object(Illuminate/Http/Request), Object(Closure))
#32 C:/Users/crown james/Downloads/daily-fade-dashboard-gold-redesign/backend/vendor/laravel/framework/src/Illuminate/Http/Middleware/ValidatePostSize.php(27): Illuminate/Pipeline/Pipeline->{closure:{closure:Illuminate/Pipeline/Pipeline::carry():194}:195}(Object(Illuminate/Http/Request))
#33 C:/Users/crown james/Downloads/daily-fade-dashboard-gold-redesign/backend/vendor/laravel/framework/src/Illuminate/Pipeline/Pipeline.php(219): Illuminate/Http/Middleware/ValidatePostSize->handle(Object(Illuminate/Http/Request), Object(Closure))
#34 C:/Users/crown james/Downloads/daily-fade-dashboard-gold-redesign/backend/vendor/laravel/framework/src/Illuminate/Foundation/Http/Middleware/PreventRequestsDuringMaintenance.php(109): Illuminate/Pipeline/Pipeline->{closure:{closure:Illuminate/Pipeline/Pipeline::carry():194}:195}(Object(Illuminate/Http/Request))
#35 C:/Users/crown james/Downloads/daily-fade-dashboard-gold-redesign/backend/vendor/laravel/framework/src/Illuminate/Pipeline/Pipeline.php(219): Illuminate/Foundation/Http/Middleware/PreventRequestsDuringMaintenance->handle(Object(Illuminate/Http/Request), Object(Closure))
#36 C:/Users/crown james/Downloads/daily-fade-dashboard-gold-redesign/backend/vendor/laravel/framework/src/Illuminate/Http/Middleware/HandleCors.php(74): Illuminate/Pipeline/Pipeline->{closure:{closure:Illuminate/Pipeline/Pipeline::carry():194}:195}(Object(Illuminate/Http/Request))
#37 C:/Users/crown james/Downloads/daily-fade-dashboard-gold-redesign/backend/vendor/laravel/framework/src/Illuminate/Pipeline/Pipeline.php(219): Illuminate/Http/Middleware/HandleCors->handle(Object(Illuminate/Http/Request), Object(Closure))
#38 C:/Users/crown james/Downloads/daily-fade-dashboard-gold-redesign/backend/vendor/laravel/framework/src/Illuminate/Http/Middleware/TrustProxies.php(58): Illuminate/Pipeline/Pipeline->{closure:{closure:Illuminate/Pipeline/Pipeline::carry():194}:195}(Object(Illuminate/Http/Request))
#39 C:/Users/crown james/Downloads/daily-fade-dashboard-gold-redesign/backend/vendor/laravel/framework/src/Illuminate/Pipeline/Pipeline.php(219): Illuminate/Http/Middleware/TrustProxies->handle(Object(Illuminate/Http/Request), Object(Closure))
#40 C:/Users/crown james/Downloads/daily-fade-dashboard-gold-redesign/backend/vendor/laravel/framework/src/Illuminate/Foundation/Http/Middleware/InvokeDeferredCallbacks.php(22): Illuminate/Pipeline/Pipeline->{closure:{closure:Illuminate/Pipeline/Pipeline::carry():194}:195}(Object(Illuminate/Http/Request))
#41 C:/Users/crown james/Downloads/daily-fade-dashboard-gold-redesign/backend/vendor/laravel/framework/src/Illuminate/Pipeline/Pipeline.php(219): Illuminate/Foundation/Http/Middleware/InvokeDeferredCallbacks->handle(Object(Illuminate/Http/Request), Object(Closure))
#42 C:/Users/crown james/Downloads/daily-fade-dashboard-gold-redesign/backend/vendor/laravel/framework/src/Illuminate/Http/Middleware/ValidatePathEncoding.php(28): Illuminate/Pipeline/Pipeline->{closure:{closure:Illuminate/Pipeline/Pipeline::carry():194}:195}(Object(Illuminate/Http/Request))
#43 C:/Users/crown james/Downloads/daily-fade-dashboard-gold-redesign/backend/vendor/laravel/framework/src/Illuminate/Pipeline/Pipeline.php(219): Illuminate/Http/Middleware/ValidatePathEncoding->handle(Object(Illuminate/Http/Request), Object(Closure))
#44 C:/Users/crown james/Downloads/daily-fade-dashboard-gold-redesign/backend/vendor/laravel/framework/src/Illuminate/Pipeline/Pipeline.php(137): Illuminate/Pipeline/Pipeline->{closure:{closure:Illuminate/Pipeline/Pipeline::carry():194}:195}(Object(Illuminate/Http/Request))
#45 C:/Users/crown james/Downloads/daily-fade-dashboard-gold-redesign/backend/vendor/laravel/framework/src/Illuminate/Foundation/Http/Kernel.php(175): Illuminate/Pipeline/Pipeline->then(Object(Closure))
#46 C:/Users/crown james/Downloads/daily-fade-dashboard-gold-redesign/backend/vendor/laravel/framework/src/Illuminate/Foundation/Http/Kernel.php(144): Illuminate/Foundation/Http/Kernel->sendRequestThroughRouter(Object(Illuminate/Http/Request))
#47 C:/Users/crown james/Downloads/daily-fade-dashboard-gold-redesign/backend/vendor/laravel/framework/src/Illuminate/Foundation/Application.php(1227): Illuminate/Foundation/Http/Kernel->handle(Object(Illuminate/Http/Request))
#48 C:/Users/crown james/Downloads/daily-fade-dashboard-gold-redesign/backend/public/index.php(20): Illuminate/Foundation/Application->handleRequest(Object(Illuminate/Http/Request))
#49 C:/Users/crown james/Downloads/daily-fade-dashboard-gold-redesign/backend/vendor/laravel/framework/src/Illuminate/Foundation/resources/server.php(23): require_once('C://Users//crown ...')
#50 {main}
"} 
